 [
        {
            "id": "1",
            "codigo_departamento": "01",
            "departamento": "AMAZONAS"
        },
        {
            "id": "2",
            "codigo_departamento": "02",
            "departamento": "ANCASH"
        },
        {
            "id": "3",
            "codigo_departamento": "03",
            "departamento": "APURIMAC"
        },
        {
            "id": "4",
            "codigo_departamento": "04",
            "departamento": "AREQUIPA"
        },
        {
            "id": "5",
            "codigo_departamento": "05",
            "departamento": "AYACUCHO"
        },
        {
            "id": "6",
            "codigo_departamento": "06",
            "departamento": "CAJAMARCA"
        },
        {
            "id": "7",
            "codigo_departamento": "07",
            "departamento": "PROV. CONST. DEL CALLAO"
        },
        {
            "id": "8",
            "codigo_departamento": "08",
            "departamento": "CUSCO"
        },
        {
            "id": "9",
            "codigo_departamento": "09",
            "departamento": "HUANCAVELICA"
        },
        {
            "id": "10",
            "codigo_departamento": "10",
            "departamento": "HUANUCO"
        },
        {
            "id": "11",
            "codigo_departamento": "11",
            "departamento": "ICA"
        },
        {
            "id": "12",
            "codigo_departamento": "12",
            "departamento": "JUNIN"
        },
        {
            "id": "13",
            "codigo_departamento": "13",
            "departamento": "LA LIBERTAD"
        },
        {
            "id": "14",
            "codigo_departamento": "14",
            "departamento": "LAMBAYEQUE"
        },
        {
            "id": "15",
            "codigo_departamento": "15",
            "departamento": "LIMA"
        },
        {
            "id": "16",
            "codigo_departamento": "16",
            "departamento": "LORETO"
        },
        {
            "id": "17",
            "codigo_departamento": "17",
            "departamento": "MADRE DE DIOS"
        },
        {
            "id": "18",
            "codigo_departamento": "18",
            "departamento": "MOQUEGUA"
        },
        {
            "id": "19",
            "codigo_departamento": "19",
            "departamento": "PASCO"
        },
        {
            "id": "20",
            "codigo_departamento": "20",
            "departamento": "PIURA"
        },
        {
            "id": "21",
            "codigo_departamento": "21",
            "departamento": "PUNO"
        },
        {
            "id": "22",
            "codigo_departamento": "22",
            "departamento": "SAN MARTIN"
        },
        {
            "id": "23",
            "codigo_departamento": "23",
            "departamento": "TACNA"
        },
        {
            "id": "24",
            "codigo_departamento": "24",
            "departamento": "TUMBES"
        },
        {
            "id": "25",
            "codigo_departamento": "25",
            "departamento": "UCAYALI"
        }
    ]
