[{
            "codigo": "001",
            "descripcion": "Depósito en cuenta"
        },
        {
            "codigo": "002",
            "descripcion": "Giro"
        },
        {
            "codigo": "003",
            "descripcion": "Transferencia de fondos"
        },
        {
            "codigo": "004",
            "descripcion": "Orden de pago"
        },
        {
            "codigo": "005",
            "descripcion": "Tarjeta de débito"
        },
        {
            "codigo": "006",
            "descripcion": "Tarjeta de crédito emitida en el país por una empresa del sistema financiero"
        },
        {
            "codigo": "007",
            "descripcion": "Cheques con la cláusula de \"no negociable\", \"intransferibles\", \"no a la orden\" u otra equivalente, a\r\nque se refiere el inciso g) del articulo 5° de la ley"
        },
        {
            "codigo": "008",
            "descripcion": "Efectivo, por operaciones en las que no existe obligación de utilizar medio de pago"
        },
        {
            "codigo": "009",
            "descripcion": "Efectivo, en los demás casos"
        },
        {
            "codigo": "010",
            "descripcion": "Medios de pago usados en comercio exterior "
        },
        {
            "codigo": "011",
            "descripcion": "Documentos emitidos por las edpymes y las cooperativas de ahorro y crédito no autorizadas a\r\ncaptar depósitos del público"
        },
        {
            "codigo": "012",
            "descripcion": "Tarjeta de crédito emitida en el país o en el exterior por una empresa no perteneciente al sistema\r\nfinanciero, cuyo objeto principal sea la emisión y administración de tarjetas de crédito\r\n"
        },
        {
            "codigo": "013",
            "descripcion": "Tarjetas de crédito emitidas en el exterior por empresas bancarias o financieras no domiciliadas"
        },
        {
            "codigo": "101 ",
            "descripcion": "Transferencias - comercio exterior"
        },
        {
            "codigo": "102",
            "descripcion": "Cheques bancarios - comercio exterior"
        },
        {
            "codigo": "103",
            "descripcion": "Orden de pago simple - comercio exterior"
        },
        {
            "codigo": "104",
            "descripcion": "Orden de pago documentario - comercio exterior"
        },
        {
            "codigo": "105 ",
            "descripcion": "Remesa simple - comercio exterior\r\n"
        },
        {
            "codigo": "106 ",
            "descripcion": "Remesa documentaria - comercio exterior\r\n"
        },
        {
            "codigo": "107",
            "descripcion": "Carta de crédito simple - comercio exterior"
        },
        {
            "codigo": "108",
            "descripcion": "Carta de crédito documentario - comercio exterior"
        },
        {
            "codigo": "999",
            "descripcion": "Otros medios de pago"
        }]