
    [    {
            "id": "1",
            "codigo_municipio": "0101",
            "codigo_departamento": "01",
            "municipio": "CHACHAPOYAS"
        },
        {
            "id": "2",
            "codigo_municipio": "0102",
            "codigo_departamento": "01",
            "municipio": "BAGUA"
        },
        {
            "id": "3",
            "codigo_municipio": "0103",
            "codigo_departamento": "01",
            "municipio": "BONGARA"
        },
        {
            "id": "4",
            "codigo_municipio": "0104",
            "codigo_departamento": "01",
            "municipio": "CONDORCANQUI"
        },
        {
            "id": "5",
            "codigo_municipio": "0105",
            "codigo_departamento": "01",
            "municipio": "LUYA"
        },
        {
            "id": "6",
            "codigo_municipio": "0106",
            "codigo_departamento": "01",
            "municipio": "RODRIGUEZ DE MENDOZA"
        },
        {
            "id": "7",
            "codigo_municipio": "0107",
            "codigo_departamento": "01",
            "municipio": "UTCUBAMBA"
        },
        {
            "id": "8",
            "codigo_municipio": "0201",
            "codigo_departamento": "02",
            "municipio": "HUARAZ"
        },
        {
            "id": "9",
            "codigo_municipio": "0202",
            "codigo_departamento": "02",
            "municipio": "AIJA"
        },
        {
            "id": "10",
            "codigo_municipio": "0203",
            "codigo_departamento": "02",
            "municipio": "ANTONIO RAYMONDI"
        },
        {
            "id": "11",
            "codigo_municipio": "0204",
            "codigo_departamento": "02",
            "municipio": "ASUNCION"
        },
        {
            "id": "12",
            "codigo_municipio": "0205",
            "codigo_departamento": "02",
            "municipio": "BOLOGNESI"
        },
        {
            "id": "13",
            "codigo_municipio": "0206",
            "codigo_departamento": "02",
            "municipio": "CARHUAZ"
        },
        {
            "id": "14",
            "codigo_municipio": "0207",
            "codigo_departamento": "02",
            "municipio": "CARLOS FERMIN FITZCARRALD"
        },
        {
            "id": "15",
            "codigo_municipio": "0208",
            "codigo_departamento": "02",
            "municipio": "CASMA"
        },
        {
            "id": "16",
            "codigo_municipio": "0209",
            "codigo_departamento": "02",
            "municipio": "CORONGO"
        },
        {
            "id": "17",
            "codigo_municipio": "0210",
            "codigo_departamento": "02",
            "municipio": "HUARI"
        },
        {
            "id": "18",
            "codigo_municipio": "0211",
            "codigo_departamento": "02",
            "municipio": "HUARMEY"
        },
        {
            "id": "19",
            "codigo_municipio": "0212",
            "codigo_departamento": "02",
            "municipio": "HUAYLAS"
        },
        {
            "id": "20",
            "codigo_municipio": "0213",
            "codigo_departamento": "02",
            "municipio": "MARISCAL LUZURIAGA"
        },
        {
            "id": "21",
            "codigo_municipio": "0214",
            "codigo_departamento": "02",
            "municipio": "OCROS"
        },
        {
            "id": "22",
            "codigo_municipio": "0215",
            "codigo_departamento": "02",
            "municipio": "PALLASCA"
        },
        {
            "id": "23",
            "codigo_municipio": "0216",
            "codigo_departamento": "02",
            "municipio": "POMABAMBA"
        },
        {
            "id": "24",
            "codigo_municipio": "0217",
            "codigo_departamento": "02",
            "municipio": "RECUAY"
        },
        {
            "id": "25",
            "codigo_municipio": "0218",
            "codigo_departamento": "02",
            "municipio": "SANTA"
        },
        {
            "id": "26",
            "codigo_municipio": "0219",
            "codigo_departamento": "02",
            "municipio": "SIHUAS"
        },
        {
            "id": "27",
            "codigo_municipio": "0220",
            "codigo_departamento": "02",
            "municipio": "YUNGAY"
        },
        {
            "id": "28",
            "codigo_municipio": "0301",
            "codigo_departamento": "03",
            "municipio": "ABANCAY"
        },
        {
            "id": "29",
            "codigo_municipio": "0302",
            "codigo_departamento": "03",
            "municipio": "ANDAHUAYLAS"
        },
        {
            "id": "30",
            "codigo_municipio": "0303",
            "codigo_departamento": "03",
            "municipio": "ANTABAMBA"
        },
        {
            "id": "31",
            "codigo_municipio": "0304",
            "codigo_departamento": "03",
            "municipio": "AYMARAES"
        },
        {
            "id": "32",
            "codigo_municipio": "0305",
            "codigo_departamento": "03",
            "municipio": "COTABAMBAS"
        },
        {
            "id": "33",
            "codigo_municipio": "0306",
            "codigo_departamento": "03",
            "municipio": "CHINCHEROS"
        },
        {
            "id": "34",
            "codigo_municipio": "0307",
            "codigo_departamento": "03",
            "municipio": "GRAU"
        },
        {
            "id": "35",
            "codigo_municipio": "0401",
            "codigo_departamento": "04",
            "municipio": "AREQUIPA"
        },
        {
            "id": "36",
            "codigo_municipio": "0402",
            "codigo_departamento": "04",
            "municipio": "CAMANA"
        },
        {
            "id": "37",
            "codigo_municipio": "0403",
            "codigo_departamento": "04",
            "municipio": "CARAVELI"
        },
        {
            "id": "38",
            "codigo_municipio": "0404",
            "codigo_departamento": "04",
            "municipio": "CASTILLA"
        },
        {
            "id": "39",
            "codigo_municipio": "0405",
            "codigo_departamento": "04",
            "municipio": "CAYLLOMA"
        },
        {
            "id": "40",
            "codigo_municipio": "0406",
            "codigo_departamento": "04",
            "municipio": "CONDESUYOS"
        },
        {
            "id": "41",
            "codigo_municipio": "0407",
            "codigo_departamento": "04",
            "municipio": "ISLAY"
        },
        {
            "id": "42",
            "codigo_municipio": "0408",
            "codigo_departamento": "04",
            "municipio": "LA UNION"
        },
        {
            "id": "43",
            "codigo_municipio": "0501",
            "codigo_departamento": "05",
            "municipio": "HUAMANGA"
        },
        {
            "id": "44",
            "codigo_municipio": "0502",
            "codigo_departamento": "05",
            "municipio": "CANGALLO"
        },
        {
            "id": "45",
            "codigo_municipio": "0503",
            "codigo_departamento": "05",
            "municipio": "HUANCA SANCOS"
        },
        {
            "id": "46",
            "codigo_municipio": "0504",
            "codigo_departamento": "05",
            "municipio": "HUANTA"
        },
        {
            "id": "47",
            "codigo_municipio": "0505",
            "codigo_departamento": "05",
            "municipio": "LA MAR"
        },
        {
            "id": "48",
            "codigo_municipio": "0506",
            "codigo_departamento": "05",
            "municipio": "LUCANAS"
        },
        {
            "id": "49",
            "codigo_municipio": "0507",
            "codigo_departamento": "05",
            "municipio": "PARINACOCHAS"
        },
        {
            "id": "50",
            "codigo_municipio": "0508",
            "codigo_departamento": "05",
            "municipio": "PAUCAR DEL SARA SARA"
        },
        {
            "id": "51",
            "codigo_municipio": "0509",
            "codigo_departamento": "05",
            "municipio": "SUCRE"
        },
        {
            "id": "52",
            "codigo_municipio": "0510",
            "codigo_departamento": "05",
            "municipio": "VICTOR FAJARDO"
        },
        {
            "id": "53",
            "codigo_municipio": "0511",
            "codigo_departamento": "05",
            "municipio": "VILCAS HUAMAN"
        },
        {
            "id": "54",
            "codigo_municipio": "0601",
            "codigo_departamento": "06",
            "municipio": "CAJAMARCA"
        },
        {
            "id": "55",
            "codigo_municipio": "0602",
            "codigo_departamento": "06",
            "municipio": "CAJABAMBA"
        },
        {
            "id": "56",
            "codigo_municipio": "0603",
            "codigo_departamento": "06",
            "municipio": "CELENDIN"
        },
        {
            "id": "57",
            "codigo_municipio": "0604",
            "codigo_departamento": "06",
            "municipio": "CHOTA"
        },
        {
            "id": "58",
            "codigo_municipio": "0605",
            "codigo_departamento": "06",
            "municipio": "CONTUMAZA"
        },
        {
            "id": "59",
            "codigo_municipio": "0606",
            "codigo_departamento": "06",
            "municipio": "CUTERVO"
        },
        {
            "id": "60",
            "codigo_municipio": "0607",
            "codigo_departamento": "06",
            "municipio": "HUALGAYOC"
        },
        {
            "id": "61",
            "codigo_municipio": "0608",
            "codigo_departamento": "06",
            "municipio": "JAEN"
        },
        {
            "id": "62",
            "codigo_municipio": "0609",
            "codigo_departamento": "06",
            "municipio": "SAN IGNACIO"
        },
        {
            "id": "63",
            "codigo_municipio": "0610",
            "codigo_departamento": "06",
            "municipio": "SAN MARCOS"
        },
        {
            "id": "64",
            "codigo_municipio": "0611",
            "codigo_departamento": "06",
            "municipio": "SAN MIGUEL"
        },
        {
            "id": "65",
            "codigo_municipio": "0612",
            "codigo_departamento": "06",
            "municipio": "SAN PABLO"
        },
        {
            "id": "66",
            "codigo_municipio": "0613",
            "codigo_departamento": "06",
            "municipio": "SANTA CRUZ"
        },
        {
            "id": "67",
            "codigo_municipio": "0701",
            "codigo_departamento": "07",
            "municipio": "PROV. CONST. DEL CALLAO"
        },
        {
            "id": "68",
            "codigo_municipio": "0801",
            "codigo_departamento": "08",
            "municipio": "CUSCO"
        },
        {
            "id": "69",
            "codigo_municipio": "0802",
            "codigo_departamento": "08",
            "municipio": "ACOMAYO"
        },
        {
            "id": "70",
            "codigo_municipio": "0803",
            "codigo_departamento": "08",
            "municipio": "ANTA"
        },
        {
            "id": "71",
            "codigo_municipio": "0804",
            "codigo_departamento": "08",
            "municipio": "CALCA"
        },
        {
            "id": "72",
            "codigo_municipio": "0805",
            "codigo_departamento": "08",
            "municipio": "CANAS"
        },
        {
            "id": "73",
            "codigo_municipio": "0806",
            "codigo_departamento": "08",
            "municipio": "CANCHIS"
        },
        {
            "id": "74",
            "codigo_municipio": "0807",
            "codigo_departamento": "08",
            "municipio": "CHUMBIVILCAS"
        },
        {
            "id": "75",
            "codigo_municipio": "0808",
            "codigo_departamento": "08",
            "municipio": "ESPINAR"
        },
        {
            "id": "76",
            "codigo_municipio": "0809",
            "codigo_departamento": "08",
            "municipio": "LA CONVENCION"
        },
        {
            "id": "77",
            "codigo_municipio": "0810",
            "codigo_departamento": "08",
            "municipio": "PARURO"
        },
        {
            "id": "78",
            "codigo_municipio": "0811",
            "codigo_departamento": "08",
            "municipio": "PAUCARTAMBO"
        },
        {
            "id": "79",
            "codigo_municipio": "0812",
            "codigo_departamento": "08",
            "municipio": "QUISPICANCHI"
        },
        {
            "id": "80",
            "codigo_municipio": "0813",
            "codigo_departamento": "08",
            "municipio": "URUBAMBA"
        },
        {
            "id": "81",
            "codigo_municipio": "0901",
            "codigo_departamento": "09",
            "municipio": "HUANCAVELICA"
        },
        {
            "id": "82",
            "codigo_municipio": "0902",
            "codigo_departamento": "09",
            "municipio": "ACOBAMBA"
        },
        {
            "id": "83",
            "codigo_municipio": "0903",
            "codigo_departamento": "09",
            "municipio": "ANGARAES"
        },
        {
            "id": "84",
            "codigo_municipio": "0904",
            "codigo_departamento": "09",
            "municipio": "CASTROVIRREYNA"
        },
        {
            "id": "85",
            "codigo_municipio": "0905",
            "codigo_departamento": "09",
            "municipio": "CHURCAMPA"
        },
        {
            "id": "86",
            "codigo_municipio": "0906",
            "codigo_departamento": "09",
            "municipio": "HUAYTARA"
        },
        {
            "id": "87",
            "codigo_municipio": "0907",
            "codigo_departamento": "09",
            "municipio": "TAYACAJA"
        },
        {
            "id": "88",
            "codigo_municipio": "1001",
            "codigo_departamento": "10",
            "municipio": "HUANUCO"
        },
        {
            "id": "89",
            "codigo_municipio": "1002",
            "codigo_departamento": "10",
            "municipio": "AMBO"
        },
        {
            "id": "90",
            "codigo_municipio": "1003",
            "codigo_departamento": "10",
            "municipio": "DOS DE MAYO"
        },
        {
            "id": "91",
            "codigo_municipio": "1004",
            "codigo_departamento": "10",
            "municipio": "HUACAYBAMBA"
        },
        {
            "id": "92",
            "codigo_municipio": "1005",
            "codigo_departamento": "10",
            "municipio": "HUAMALIES"
        },
        {
            "id": "93",
            "codigo_municipio": "1006",
            "codigo_departamento": "10",
            "municipio": "LEONCIO PRADO"
        },
        {
            "id": "94",
            "codigo_municipio": "1007",
            "codigo_departamento": "10",
            "municipio": "MARAÑON"
        },
        {
            "id": "95",
            "codigo_municipio": "1008",
            "codigo_departamento": "10",
            "municipio": "PACHITEA"
        },
        {
            "id": "96",
            "codigo_municipio": "1009",
            "codigo_departamento": "10",
            "municipio": "PUERTO INCA"
        },
        {
            "id": "97",
            "codigo_municipio": "1010",
            "codigo_departamento": "10",
            "municipio": "LAURICOCHA"
        },
        {
            "id": "98",
            "codigo_municipio": "1011",
            "codigo_departamento": "10",
            "municipio": "YAROWILCA"
        },
        {
            "id": "99",
            "codigo_municipio": "1101",
            "codigo_departamento": "11",
            "municipio": "ICA"
        },
        {
            "id": "100",
            "codigo_municipio": "1102",
            "codigo_departamento": "11",
            "municipio": "CHINCHA"
        },
        {
            "id": "101",
            "codigo_municipio": "1103",
            "codigo_departamento": "11",
            "municipio": "NAZCA"
        },
        {
            "id": "102",
            "codigo_municipio": "1104",
            "codigo_departamento": "11",
            "municipio": "PALPA"
        },
        {
            "id": "103",
            "codigo_municipio": "1105",
            "codigo_departamento": "11",
            "municipio": "PISCO"
        },
        {
            "id": "104",
            "codigo_municipio": "1201",
            "codigo_departamento": "12",
            "municipio": "HUANCAYO"
        },
        {
            "id": "105",
            "codigo_municipio": "1202",
            "codigo_departamento": "12",
            "municipio": "CONCEPCION"
        },
        {
            "id": "106",
            "codigo_municipio": "1203",
            "codigo_departamento": "12",
            "municipio": "CHANCHAMAYO"
        },
        {
            "id": "107",
            "codigo_municipio": "1204",
            "codigo_departamento": "12",
            "municipio": "JAUJA"
        },
        {
            "id": "108",
            "codigo_municipio": "1205",
            "codigo_departamento": "12",
            "municipio": "JUNIN"
        },
        {
            "id": "109",
            "codigo_municipio": "1206",
            "codigo_departamento": "12",
            "municipio": "SATIPO"
        },
        {
            "id": "110",
            "codigo_municipio": "1207",
            "codigo_departamento": "12",
            "municipio": "TARMA"
        },
        {
            "id": "111",
            "codigo_municipio": "1208",
            "codigo_departamento": "12",
            "municipio": "YAULI"
        },
        {
            "id": "112",
            "codigo_municipio": "1209",
            "codigo_departamento": "12",
            "municipio": "CHUPACA"
        },
        {
            "id": "113",
            "codigo_municipio": "1301",
            "codigo_departamento": "13",
            "municipio": "TRUJILLO"
        },
        {
            "id": "114",
            "codigo_municipio": "1302",
            "codigo_departamento": "13",
            "municipio": "ASCOPE"
        },
        {
            "id": "115",
            "codigo_municipio": "1303",
            "codigo_departamento": "13",
            "municipio": "BOLIVAR"
        },
        {
            "id": "116",
            "codigo_municipio": "1304",
            "codigo_departamento": "13",
            "municipio": "CHEPEN"
        },
        {
            "id": "117",
            "codigo_municipio": "1305",
            "codigo_departamento": "13",
            "municipio": "JULCAN"
        },
        {
            "id": "118",
            "codigo_municipio": "1306",
            "codigo_departamento": "13",
            "municipio": "OTUZCO"
        },
        {
            "id": "119",
            "codigo_municipio": "1307",
            "codigo_departamento": "13",
            "municipio": "PACASMAYO"
        },
        {
            "id": "120",
            "codigo_municipio": "1308",
            "codigo_departamento": "13",
            "municipio": "PATAZ"
        },
        {
            "id": "121",
            "codigo_municipio": "1309",
            "codigo_departamento": "13",
            "municipio": "SANCHEZ CARRION"
        },
        {
            "id": "122",
            "codigo_municipio": "1310",
            "codigo_departamento": "13",
            "municipio": "SANTIAGO DE CHUCO"
        },
        {
            "id": "123",
            "codigo_municipio": "1311",
            "codigo_departamento": "13",
            "municipio": "GRAN CHIMU"
        },
        {
            "id": "124",
            "codigo_municipio": "1312",
            "codigo_departamento": "13",
            "municipio": "VIRU"
        },
        {
            "id": "125",
            "codigo_municipio": "1401",
            "codigo_departamento": "14",
            "municipio": "CHICLAYO"
        },
        {
            "id": "126",
            "codigo_municipio": "1402",
            "codigo_departamento": "14",
            "municipio": "FERREÑAFE"
        },
        {
            "id": "127",
            "codigo_municipio": "1403",
            "codigo_departamento": "14",
            "municipio": "LAMBAYEQUE"
        },
        {
            "id": "128",
            "codigo_municipio": "1501",
            "codigo_departamento": "15",
            "municipio": "LIMA"
        },
        {
            "id": "129",
            "codigo_municipio": "1502",
            "codigo_departamento": "15",
            "municipio": "BARRANCA"
        },
        {
            "id": "130",
            "codigo_municipio": "1503",
            "codigo_departamento": "15",
            "municipio": "CAJATAMBO"
        },
        {
            "id": "131",
            "codigo_municipio": "1504",
            "codigo_departamento": "15",
            "municipio": "CANTA"
        },
        {
            "id": "132",
            "codigo_municipio": "1505",
            "codigo_departamento": "15",
            "municipio": "CAÑETE"
        },
        {
            "id": "133",
            "codigo_municipio": "1506",
            "codigo_departamento": "15",
            "municipio": "HUARAL"
        },
        {
            "id": "134",
            "codigo_municipio": "1507",
            "codigo_departamento": "15",
            "municipio": "HUAROCHIRI"
        },
        {
            "id": "135",
            "codigo_municipio": "1508",
            "codigo_departamento": "15",
            "municipio": "HUAURA"
        },
        {
            "id": "136",
            "codigo_municipio": "1509",
            "codigo_departamento": "15",
            "municipio": "OYON"
        },
        {
            "id": "137",
            "codigo_municipio": "1510",
            "codigo_departamento": "15",
            "municipio": "YAUYOS"
        },
        {
            "id": "138",
            "codigo_municipio": "1601",
            "codigo_departamento": "16",
            "municipio": "MAYNAS"
        },
        {
            "id": "139",
            "codigo_municipio": "1602",
            "codigo_departamento": "16",
            "municipio": "ALTO AMAZONAS"
        },
        {
            "id": "140",
            "codigo_municipio": "1603",
            "codigo_departamento": "16",
            "municipio": "LORETO"
        },
        {
            "id": "141",
            "codigo_municipio": "1604",
            "codigo_departamento": "16",
            "municipio": "MARISCAL RAMON CASTILLA"
        },
        {
            "id": "142",
            "codigo_municipio": "1605",
            "codigo_departamento": "16",
            "municipio": "REQUENA"
        },
        {
            "id": "143",
            "codigo_municipio": "1606",
            "codigo_departamento": "16",
            "municipio": "UCAYALI"
        },
        {
            "id": "144",
            "codigo_municipio": "1607",
            "codigo_departamento": "16",
            "municipio": "DATEM DEL MARAÑON"
        },
        {
            "id": "145",
            "codigo_municipio": "1701",
            "codigo_departamento": "17",
            "municipio": "TAMBOPATA"
        },
        {
            "id": "146",
            "codigo_municipio": "1702",
            "codigo_departamento": "17",
            "municipio": "MANU"
        },
        {
            "id": "147",
            "codigo_municipio": "1703",
            "codigo_departamento": "17",
            "municipio": "TAHUAMANU"
        },
        {
            "id": "148",
            "codigo_municipio": "1801",
            "codigo_departamento": "18",
            "municipio": "MARISCAL NIETO"
        },
        {
            "id": "149",
            "codigo_municipio": "1802",
            "codigo_departamento": "18",
            "municipio": "GENERAL SANCHEZ CERRO"
        },
        {
            "id": "150",
            "codigo_municipio": "1803",
            "codigo_departamento": "18",
            "municipio": "ILO"
        },
        {
            "id": "151",
            "codigo_municipio": "1901",
            "codigo_departamento": "19",
            "municipio": "PASCO"
        },
        {
            "id": "152",
            "codigo_municipio": "1902",
            "codigo_departamento": "19",
            "municipio": "DANIEL ALCIDES CARRION"
        },
        {
            "id": "153",
            "codigo_municipio": "1903",
            "codigo_departamento": "19",
            "municipio": "OXAPAMPA"
        },
        {
            "id": "154",
            "codigo_municipio": "2001",
            "codigo_departamento": "20",
            "municipio": "PIURA"
        },
        {
            "id": "155",
            "codigo_municipio": "2002",
            "codigo_departamento": "20",
            "municipio": "AYABACA"
        },
        {
            "id": "156",
            "codigo_municipio": "2003",
            "codigo_departamento": "20",
            "municipio": "HUANCABAMBA"
        },
        {
            "id": "157",
            "codigo_municipio": "2004",
            "codigo_departamento": "20",
            "municipio": "MORROPON"
        },
        {
            "id": "158",
            "codigo_municipio": "2005",
            "codigo_departamento": "20",
            "municipio": "PAITA"
        },
        {
            "id": "159",
            "codigo_municipio": "2006",
            "codigo_departamento": "20",
            "municipio": "SULLANA"
        },
        {
            "id": "160",
            "codigo_municipio": "2007",
            "codigo_departamento": "20",
            "municipio": "TALARA"
        },
        {
            "id": "161",
            "codigo_municipio": "2008",
            "codigo_departamento": "20",
            "municipio": "SECHURA"
        },
        {
            "id": "162",
            "codigo_municipio": "2101",
            "codigo_departamento": "21",
            "municipio": "PUNO"
        },
        {
            "id": "163",
            "codigo_municipio": "2102",
            "codigo_departamento": "21",
            "municipio": "AZANGARO"
        },
        {
            "id": "164",
            "codigo_municipio": "2103",
            "codigo_departamento": "21",
            "municipio": "CARABAYA"
        },
        {
            "id": "165",
            "codigo_municipio": "2104",
            "codigo_departamento": "21",
            "municipio": "CHUCUITO"
        },
        {
            "id": "166",
            "codigo_municipio": "2105",
            "codigo_departamento": "21",
            "municipio": "EL COLLAO"
        },
        {
            "id": "167",
            "codigo_municipio": "2106",
            "codigo_departamento": "21",
            "municipio": "HUANCANE"
        },
        {
            "id": "168",
            "codigo_municipio": "2107",
            "codigo_departamento": "21",
            "municipio": "LAMPA"
        },
        {
            "id": "169",
            "codigo_municipio": "2108",
            "codigo_departamento": "21",
            "municipio": "MELGAR"
        },
        {
            "id": "170",
            "codigo_municipio": "2109",
            "codigo_departamento": "21",
            "municipio": "MOHO"
        },
        {
            "id": "171",
            "codigo_municipio": "2110",
            "codigo_departamento": "21",
            "municipio": "SAN ANTONIO DE PUTINA"
        },
        {
            "id": "172",
            "codigo_municipio": "2111",
            "codigo_departamento": "21",
            "municipio": "SAN ROMAN"
        },
        {
            "id": "173",
            "codigo_municipio": "2112",
            "codigo_departamento": "21",
            "municipio": "SANDIA"
        },
        {
            "id": "174",
            "codigo_municipio": "2113",
            "codigo_departamento": "21",
            "municipio": "YUNGUYO"
        },
        {
            "id": "175",
            "codigo_municipio": "2201",
            "codigo_departamento": "22",
            "municipio": "MOYOBAMBA"
        },
        {
            "id": "176",
            "codigo_municipio": "2202",
            "codigo_departamento": "22",
            "municipio": "BELLAVISTA"
        },
        {
            "id": "177",
            "codigo_municipio": "2203",
            "codigo_departamento": "22",
            "municipio": "EL DORADO"
        },
        {
            "id": "178",
            "codigo_municipio": "2204",
            "codigo_departamento": "22",
            "municipio": "HUALLAGA"
        },
        {
            "id": "179",
            "codigo_municipio": "2205",
            "codigo_departamento": "22",
            "municipio": "LAMAS"
        },
        {
            "id": "180",
            "codigo_municipio": "2206",
            "codigo_departamento": "22",
            "municipio": "MARISCAL CACERES"
        },
        {
            "id": "181",
            "codigo_municipio": "2207",
            "codigo_departamento": "22",
            "municipio": "PICOTA"
        },
        {
            "id": "182",
            "codigo_municipio": "2208",
            "codigo_departamento": "22",
            "municipio": "RIOJA"
        },
        {
            "id": "183",
            "codigo_municipio": "2209",
            "codigo_departamento": "22",
            "municipio": "SAN MARTIN"
        },
        {
            "id": "184",
            "codigo_municipio": "2210",
            "codigo_departamento": "22",
            "municipio": "TOCACHE"
        },
        {
            "id": "185",
            "codigo_municipio": "2301",
            "codigo_departamento": "23",
            "municipio": "TACNA"
        },
        {
            "id": "186",
            "codigo_municipio": "2302",
            "codigo_departamento": "23",
            "municipio": "CANDARAVE"
        },
        {
            "id": "187",
            "codigo_municipio": "2303",
            "codigo_departamento": "23",
            "municipio": "JORGE BASADRE"
        },
        {
            "id": "188",
            "codigo_municipio": "2304",
            "codigo_departamento": "23",
            "municipio": "TARATA"
        },
        {
            "id": "189",
            "codigo_municipio": "2401",
            "codigo_departamento": "24",
            "municipio": "TUMBES"
        },
        {
            "id": "190",
            "codigo_municipio": "2402",
            "codigo_departamento": "24",
            "municipio": "CONTRALMIRANTE VILLAR"
        },
        {
            "id": "191",
            "codigo_municipio": "2403",
            "codigo_departamento": "24",
            "municipio": "ZARUMILLA"
        },
        {
            "id": "192",
            "codigo_municipio": "2501",
            "codigo_departamento": "25",
            "municipio": "CORONEL PORTILLO"
        },
        {
            "id": "193",
            "codigo_municipio": "2502",
            "codigo_departamento": "25",
            "municipio": "ATALAYA"
        },
        {
            "id": "194",
            "codigo_municipio": "2503",
            "codigo_departamento": "25",
            "municipio": "PADRE ABAD"
        },
        {
            "id": "195",
            "codigo_municipio": "2504",
            "codigo_departamento": "25",
            "municipio": "PURUS"
        }
 ]