{"v":"5.5.8","fr":29.9700012207031,"ip":0,"op":900.000036657751,"w":405,"h":720,"nm":"TestUIsks","ddd":0,"assets":[{"id":"image_0","w":278,"h":260,"u":"images/","p":"img_0.png","e":0},{"id":"image_1","w":278,"h":260,"u":"images/","p":"img_1.png","e":0}],"fonts":{"list":[{"fName":"AirstrikeLaser","fFamily":"Airstrike Laser","fStyle":"Regular","ascent":52.9998779296875},{"fName":"MSReferenceSansSerif","fFamily":"MS Reference Sans Serif","fStyle":"Regular","ascent":75.9994506835938}]},"layers":[{"ddd":0,"ind":1,"ty":2,"nm":"logoskysam.png","cl":"png","refId":"image_0","sr":1,"ks":{"o":{"a":1,"k":[{"i":{"x":[0.833],"y":[0.833]},"o":{"x":[0.167],"y":[0.167]},"t":0,"s":[0]},{"t":150.000006109625,"s":[100]}],"ix":11},"r":{"a":0,"k":0,"ix":10},"p":{"a":0,"k":[203.977,247.205,0],"ix":2},"a":{"a":0,"k":[139,130,0],"ix":1},"s":{"a":0,"k":[100,100,100],"ix":6}},"ao":0,"ip":0,"op":900.000036657751,"st":0,"bm":0},{"ddd":0,"ind":2,"ty":5,"nm":"inversionesskysam@gmail.com","cl":"com","sr":1,"ks":{"o":{"a":1,"k":[{"i":{"x":[0.833],"y":[0.833]},"o":{"x":[0.167],"y":[0.167]},"t":0,"s":[0]},{"i":{"x":[0.833],"y":[0.833]},"o":{"x":[0.167],"y":[0.167]},"t":140,"s":[0]},{"t":150.000006109625,"s":[100]}],"ix":11},"r":{"a":0,"k":0,"ix":10},"p":{"a":0,"k":[187.228,597.056,0],"ix":2},"a":{"a":0,"k":[76.459,-2.719,0],"ix":1},"s":{"a":0,"k":[100,100,100],"ix":6}},"ao":0,"t":{"d":{"k":[{"s":{"s":12,"f":"MSReferenceSansSerif","t":"inversionesskysam@gmail.com","j":0,"tr":0,"lh":14.4,"ls":0,"fc":[0.247,0.78,1]},"t":0}]},"p":{},"m":{"g":1,"a":{"a":0,"k":[0,0],"ix":2}},"a":[]},"ip":0,"op":900.000036657751,"st":0,"bm":0},{"ddd":0,"ind":3,"ty":5,"nm":"Atención al usuario:","sr":1,"ks":{"o":{"a":1,"k":[{"i":{"x":[0.833],"y":[0.833]},"o":{"x":[0.167],"y":[0.167]},"t":0,"s":[0]},{"i":{"x":[0.833],"y":[0.833]},"o":{"x":[0.167],"y":[0.167]},"t":140,"s":[0]},{"t":150.000006109625,"s":[100]}],"ix":11},"r":{"a":0,"k":0,"ix":10},"p":{"a":0,"k":[188.725,571.285,0],"ix":2},"a":{"a":0,"k":[50.938,-4.175,0],"ix":1},"s":{"a":0,"k":[100,100,100],"ix":6}},"ao":0,"t":{"d":{"k":[{"s":{"s":12,"f":"MSReferenceSansSerif","t":"Atención al usuario:","j":0,"tr":0,"lh":14.4,"ls":0,"fc":[0.247,0.78,1]},"t":0}]},"p":{},"m":{"g":1,"a":{"a":0,"k":[0,0],"ix":2}},"a":[]},"ip":0,"op":900.000036657751,"st":0,"bm":0},{"ddd":0,"ind":4,"ty":5,"nm":"Inversiones SkySam, C.A.","cl":"A ","sr":1,"ks":{"o":{"a":0,"k":100,"ix":11},"r":{"a":0,"k":0,"ix":10},"p":{"a":0,"k":[202.5,487.585,0],"ix":2},"a":{"a":0,"k":[110.643,-4.122,0],"ix":1},"s":{"a":1,"k":[{"i":{"x":[0.833,0.833,0.833],"y":[0.833,0.833,0.833]},"o":{"x":[0.167,0.167,0.167],"y":[0.167,0.167,0.167]},"t":0,"s":[0,0,100]},{"i":{"x":[0.833,0.833,0.833],"y":[0.833,0.833,0.833]},"o":{"x":[0.167,0.167,0.167],"y":[0.167,0.167,0.167]},"t":110,"s":[0,0,100]},{"t":140.000005702317,"s":[100,100,100]}],"ix":6}},"ao":0,"t":{"d":{"k":[{"s":{"s":18,"f":"AirstrikeLaser","t":"Inversiones SkySam, C.A.","j":0,"tr":0,"lh":21.6,"ls":0,"fc":[0.247,0.78,1]},"t":0}]},"p":{},"m":{"g":1,"a":{"a":0,"k":[0,0],"ix":2}},"a":[]},"ip":0,"op":900.000036657751,"st":0,"bm":0},{"ddd":0,"ind":5,"ty":5,"nm":"Tu lo imaginas, nosotros lo creamos...","sr":1,"ks":{"o":{"a":0,"k":100,"ix":11},"r":{"a":0,"k":0,"ix":10},"p":{"a":0,"k":[202.5,455.165,0],"ix":2},"a":{"a":0,"k":[191.693,-4.122,0],"ix":1},"s":{"a":1,"k":[{"i":{"x":[0.833,0.833,0.833],"y":[0.833,0.833,0.833]},"o":{"x":[0.167,0.167,0.167],"y":[0.167,0.167,0.167]},"t":0,"s":[0,0,100]},{"i":{"x":[0.833,0.833,0.833],"y":[0.833,0.833,0.833]},"o":{"x":[0.167,0.167,0.167],"y":[0.167,0.167,0.167]},"t":110,"s":[0,0,100]},{"t":140.000005702317,"s":[100,100,100]}],"ix":6}},"ao":0,"t":{"d":{"k":[{"s":{"s":18,"f":"AirstrikeLaser","t":"Tu lo imaginas, nosotros lo creamos...","j":0,"tr":0,"lh":21.6,"ls":0,"fc":[0.247,0.78,1]},"t":0}]},"p":{},"m":{"g":1,"a":{"a":0,"k":[0,0],"ix":2}},"a":[]},"ip":0,"op":900.000036657751,"st":0,"bm":0},{"ddd":0,"ind":6,"ty":2,"nm":"logoskysamdark.png","cl":"png","refId":"image_1","sr":1,"ks":{"o":{"a":0,"k":100,"ix":11},"r":{"a":0,"k":0,"ix":10},"p":{"a":0,"k":[203.977,248.555,0],"ix":2},"a":{"a":0,"k":[139,130,0],"ix":1},"s":{"a":0,"k":[100,100,100],"ix":6}},"ao":0,"ip":0,"op":900.000036657751,"st":0,"bm":0},{"ddd":0,"ind":7,"ty":1,"nm":"bg","sr":1,"ks":{"o":{"a":0,"k":100,"ix":11},"r":{"a":0,"k":0,"ix":10},"p":{"a":0,"k":[202.5,360,0],"ix":2},"a":{"a":0,"k":[202.5,360,0],"ix":1},"s":{"a":0,"k":[100,100,100],"ix":6}},"ao":0,"sw":405,"sh":720,"sc":"#2c2b2b","ip":0,"op":900.000036657751,"st":0,"bm":0}],"markers":[],"chars":[{"ch":"T","size":18,"style":"Regular","w":59.4,"data":{"shapes":[{"ty":"gr","it":[{"ind":0,"ty":"sh","ix":1,"ks":{"a":0,"k":{"i":[[0,0],[-0.9,1.2],[-1.234,1.467],[-1.3,1.367],[-0.934,0.6],[0,0],[1.066,-1.466],[1.2,-1.466],[1.133,-1.1],[0.6,-0.066],[0,0]],"o":[[0.066,-0.266],[0.9,-1.2],[1.233,-1.466],[1.3,-1.366],[0,0],[-0.467,0.867],[-1.067,1.467],[-1.2,1.467],[-1.134,1.1],[0,0],[0,0]],"v":[[16.7,-39.6],[18.15,-41.8],[21.35,-45.8],[25.15,-50.05],[28.5,-53],[78.6,-53],[76.3,-49.5],[72.9,-45.1],[69.4,-41.25],[66.8,-39.5],[16.7,-39.5]],"c":true},"ix":2},"nm":"T","mn":"ADBE Vector Shape - Group","hd":false},{"ind":1,"ty":"sh","ix":2,"ks":{"a":0,"k":{"i":[[0,0],[0,0],[0,0],[0,0]],"o":[[0,0],[0,0],[0,0],[0,0]],"v":[[33.6,-34.2],[52.8,-34.2],[40.4,0],[21.2,0]],"c":true},"ix":2},"nm":"T","mn":"ADBE Vector Shape - Group","hd":false}],"nm":"T","np":5,"cix":2,"bm":0,"ix":1,"mn":"ADBE Vector Group","hd":false}]},"fFamily":"Airstrike Laser"},{"ch":"u","size":18,"style":"Regular","w":68.2,"data":{"shapes":[{"ty":"gr","it":[{"ind":0,"ty":"sh","ix":1,"ks":{"a":0,"k":{"i":[[0,0],[0,0],[0.433,-1.3],[0.2,-0.666],[0.033,-0.233],[0,-0.133],[0,-0.666],[-1.3,-1.3],[-1.534,0],[0,0],[-1.367,0.667],[-1.067,1],[-0.8,1.134],[-0.467,0.934],[0,0],[0,0],[0,0],[1.733,-3.5],[2.2,-2.4],[2.866,-1.233],[4,0],[0,0],[3.133,0.567],[1.866,1.2],[0.8,1.9],[0,2.667],[-0.067,0.734],[-0.134,0.934],[-0.6,1.7],[-0.6,2.267]],"o":[[0,0],[-0.734,2.2],[-0.434,1.3],[-0.2,0.667],[-0.034,0.234],[-0.334,1.467],[0,2.334],[1.3,1.3],[0,0],[1.6,0],[1.366,-0.666],[1.066,-1],[0.8,-1.133],[0,0],[0,0],[0,0],[-1.667,4.6],[-1.734,3.5],[-2.2,2.4],[-2.867,1.234],[0,0],[-4.734,0],[-3.134,-0.566],[-1.867,-1.2],[-0.8,-1.9],[0,-0.733],[0.066,-0.733],[0.333,-1.733],[0.6,-1.7],[0,0]],"v":[[15.4,-34.2],[34.6,-34.2],[32.85,-28.95],[31.9,-26],[31.55,-24.65],[31.5,-24.1],[31,-20.9],[32.95,-15.45],[37.2,-13.5],[42.1,-13.5],[46.55,-14.5],[50.2,-17],[53,-20.2],[54.9,-23.3],[58.8,-34.2],[77.8,-34.2],[75.7,-28.3],[70.6,-16.15],[64.7,-7.3],[57.1,-1.85],[46.8,0],[35.1,0],[23.3,-0.85],[15.8,-3.5],[11.8,-8.15],[10.6,-15],[10.7,-17.2],[11,-19.7],[12.4,-24.85],[14.2,-30.8]],"c":true},"ix":2},"nm":"u","mn":"ADBE Vector Shape - Group","hd":false},{"ind":1,"ty":"sh","ix":2,"ks":{"a":0,"k":{"i":[[0,0],[0,0],[0,0],[0,0]],"o":[[0,0],[0,0],[0,0],[0,0]],"v":[[79.8,-39.5],[60.8,-39.5],[65.7,-53],[84.7,-53]],"c":true},"ix":2},"nm":"u","mn":"ADBE Vector Shape - Group","hd":false},{"ind":2,"ty":"sh","ix":3,"ks":{"a":0,"k":{"i":[[0.8,-2.2],[0.6,-1.8],[0,0],[0,0],[0,0]],"o":[[-0.8,2.2],[0,0],[0,0],[0,0],[-0.934,2.8]],"v":[[38.4,-45.5],[36.3,-39.5],[17.3,-39.5],[22.1,-53],[41,-53]],"c":true},"ix":2},"nm":"u","mn":"ADBE Vector Shape - Group","hd":false}],"nm":"u","np":6,"cix":2,"bm":0,"ix":1,"mn":"ADBE Vector Group","hd":false}]},"fFamily":"Airstrike Laser"},{"ch":" ","size":18,"style":"Regular","w":27.9,"data":{},"fFamily":"Airstrike Laser"},{"ch":"l","size":18,"style":"Regular","w":56,"data":{"shapes":[{"ty":"gr","it":[{"ind":0,"ty":"sh","ix":1,"ks":{"a":0,"k":{"i":[[0,0],[0,0],[0,0],[0,0],[0.833,-1.133],[1.266,-1.5],[1.4,-1.5],[0.933,-0.733],[0,0]],"o":[[0,0],[0,0],[0,0],[0.066,0],[-0.834,1.134],[-1.267,1.5],[-1.4,1.5],[0,0],[0,0]],"v":[[15.2,-34.2],[34.3,-34.2],[26.8,-13.5],[58.5,-13.5],[57.35,-11.8],[54.2,-7.85],[50.2,-3.35],[46.7,0],[2.8,0]],"c":true},"ix":2},"nm":"l","mn":"ADBE Vector Shape - Group","hd":false},{"ind":1,"ty":"sh","ix":2,"ks":{"a":0,"k":{"i":[[0,0],[0,0],[0,0],[0,0]],"o":[[0,0],[0,0],[0,0],[0,0]],"v":[[36.3,-39.5],[17.2,-39.5],[22.1,-53],[41.2,-53]],"c":true},"ix":2},"nm":"l","mn":"ADBE Vector Shape - Group","hd":false}],"nm":"l","np":5,"cix":2,"bm":0,"ix":1,"mn":"ADBE Vector Group","hd":false}]},"fFamily":"Airstrike Laser"},{"ch":"o","size":18,"style":"Regular","w":73.8,"data":{"shapes":[{"ty":"gr","it":[{"ind":0,"ty":"sh","ix":1,"ks":{"a":0,"k":{"i":[[2,-3.466],[2.933,-2.633],[3.7,-1.6],[4,0],[0,0],[3.133,0.6],[2.266,1.434],[1.3,2.467],[0,3.734],[-0.067,0.867],[-0.134,0.934],[-0.567,1.667],[-0.867,1.6],[0,0],[0.566,-0.733],[0.333,-0.733],[0.266,-0.7],[0.066,-0.533],[0,-0.4],[0,0],[-0.467,-1.3],[-0.8,-1.066],[-1.067,-0.666],[-1.2,0],[0,0],[-1.2,0.567],[-1.367,0.934],[-1.234,1.167],[-0.6,1.134],[-0.134,0.534],[0,0],[-0.034,0.167],[0,-0.066],[-0.034,0.567],[0,0.6],[0.266,1],[0,0],[0.066,-0.866],[0.2,-1]],"o":[[-2,3.467],[-2.934,2.634],[-3.7,1.6],[0,0],[-3.667,0],[-3.134,-0.6],[-2.267,-1.433],[-1.3,-2.466],[0,-0.8],[0.066,-0.866],[0.2,-1.666],[0.566,-1.666],[0,0],[-0.734,0.734],[-0.567,0.734],[-0.334,0.8],[-0.267,0.7],[-0.067,0.067],[0,0],[0,1.2],[0.466,1.3],[0.8,1.067],[1.066,0.667],[0,0],[0.6,0],[1.2,-0.566],[1.366,-0.933],[1.233,-1.166],[0.6,-0.933],[0,0],[0.066,-0.333],[0.033,-0.166],[0.066,-0.533],[0.033,-0.566],[0,-1.333],[0,0],[0,0.934],[-0.067,0.867],[-0.6,3.734]],"v":[[77.5,-17.9],[70.1,-8.75],[60.15,-2.4],[48.6,0],[36.9,0],[26.7,-0.9],[18.6,-3.95],[13.25,-9.8],[11.3,-19.1],[11.4,-21.6],[11.7,-24.3],[12.85,-29.3],[15,-34.2],[35.2,-34.2],[33.25,-32],[31.9,-29.8],[31,-27.55],[30.5,-25.7],[30.4,-25],[30.4,-24.4],[31.1,-20.65],[33,-17.1],[35.8,-14.5],[39.2,-13.5],[47.5,-13.5],[50.2,-14.35],[54.05,-16.6],[57.95,-19.75],[60.7,-23.2],[61.8,-25.4],[62.2,-26.4],[62.35,-27.15],[62.4,-27.3],[62.55,-28.95],[62.6,-30.7],[62.2,-34.2],[81.9,-34.2],[81.8,-31.5],[81.4,-28.7]],"c":true},"ix":2},"nm":"o","mn":"ADBE Vector Shape - Group","hd":false},{"ind":1,"ty":"sh","ix":2,"ks":{"a":0,"k":{"i":[[-1.867,1.667],[-2.1,1.2],[-2.234,0.667],[-2.2,0],[0,0],[-4.167,-2.1],[-1.134,-4.8],[0,0]],"o":[[1.866,-1.666],[2.1,-1.2],[2.233,-0.666],[0,0],[6.533,0],[4.166,2.1],[0,0],[1.466,-1.933]],"v":[[23.4,-44.9],[29.35,-49.2],[35.85,-52],[42.5,-53],[57.4,-53],[73.45,-49.85],[81.4,-39.5],[18.4,-39.5]],"c":true},"ix":2},"nm":"o","mn":"ADBE Vector Shape - Group","hd":false}],"nm":"o","np":5,"cix":2,"bm":0,"ix":1,"mn":"ADBE Vector Group","hd":false}]},"fFamily":"Airstrike Laser"},{"ch":"i","size":18,"style":"Regular","w":25.2,"data":{"shapes":[{"ty":"gr","it":[{"ind":0,"ty":"sh","ix":1,"ks":{"a":0,"k":{"i":[[0,0],[0,0],[0,0],[0,0]],"o":[[0,0],[0,0],[0,0],[0,0]],"v":[[15.4,-34.2],[34.6,-34.2],[22.2,0],[3,0]],"c":true},"ix":2},"nm":"i","mn":"ADBE Vector Shape - Group","hd":false},{"ind":1,"ty":"sh","ix":2,"ks":{"a":0,"k":{"i":[[0,0],[0,0],[0,0],[0,0]],"o":[[0,0],[0,0],[0,0],[0,0]],"v":[[22.3,-53],[41.5,-53],[36.6,-39.5],[17.4,-39.5]],"c":true},"ix":2},"nm":"i","mn":"ADBE Vector Shape - Group","hd":false}],"nm":"i","np":5,"cix":2,"bm":0,"ix":1,"mn":"ADBE Vector Group","hd":false}]},"fFamily":"Airstrike Laser"},{"ch":"m","size":18,"style":"Regular","w":83.6,"data":{"shapes":[{"ty":"gr","it":[{"ind":0,"ty":"sh","ix":1,"ks":{"a":0,"k":{"i":[[0,0],[0,0],[0,0],[0,0],[0,0],[0,0],[0,0],[0,0],[0,0],[0,0],[0,0],[0,0],[0,0]],"o":[[0,0],[0,0],[0,0],[0,0],[0,0],[0,0],[0,0],[0,0],[0,0],[0,0],[0,0],[0,0],[0,0]],"v":[[61.6,0],[72.4,-29.8],[45.2,0],[38.3,0],[32.8,-29.8],[22,0],[2.8,0],[15.2,-34.2],[49.9,-34.2],[51.4,-26.4],[58.6,-34.2],[93.2,-34.2],[80.8,0]],"c":true},"ix":2},"nm":"m","mn":"ADBE Vector Shape - Group","hd":false},{"ind":1,"ty":"sh","ix":2,"ks":{"a":0,"k":{"i":[[0,0],[0,0],[0,0],[0,0]],"o":[[0,0],[0,0],[0,0],[0,0]],"v":[[22.1,-53],[46.3,-53],[48.9,-39.5],[17.2,-39.5]],"c":true},"ix":2},"nm":"m","mn":"ADBE Vector Shape - Group","hd":false},{"ind":2,"ty":"sh","ix":3,"ks":{"a":0,"k":{"i":[[0,0],[0,0],[0,0],[0,0]],"o":[[0,0],[0,0],[0,0],[0,0]],"v":[[75.9,-53],[100.1,-53],[95.2,-39.5],[63.5,-39.5]],"c":true},"ix":2},"nm":"m","mn":"ADBE Vector Shape - Group","hd":false}],"nm":"m","np":6,"cix":2,"bm":0,"ix":1,"mn":"ADBE Vector Group","hd":false}]},"fFamily":"Airstrike Laser"},{"ch":"a","size":18,"style":"Regular","w":75.5,"data":{"shapes":[{"ty":"gr","it":[{"ind":0,"ty":"sh","ix":1,"ks":{"a":0,"k":{"i":[[0,0],[0,0],[0.833,-1.133],[1.033,-1.266],[1,-1.066],[0.466,-0.2],[0,0],[0,-0.2],[0,0],[0,0],[0,0],[0,0],[0,0],[0,0],[0,0],[0,0],[0,0]],"o":[[0,0],[-0.134,0.4],[-0.834,1.134],[-1.034,1.267],[-1,1.067],[0,0],[0.133,-0.666],[0,0],[0,0],[0,0],[0,0],[0,0],[0,0],[0,0],[0,0],[0,0],[0,0]],"v":[[55.9,0],[53.8,-11.3],[52.35,-9],[49.55,-5.4],[46.5,-1.9],[44.3,0],[2,0],[2.2,-0.7],[2.2,-1],[28.2,-34.2],[48.3,-34.2],[33.5,-14.4],[33.5,-13.4],[53.8,-13.4],[50.7,-34.2],[68.4,-34.2],[73.7,0]],"c":true},"ix":2},"nm":"a","mn":"ADBE Vector Shape - Group","hd":false},{"ind":1,"ty":"sh","ix":2,"ks":{"a":0,"k":{"i":[[0,0],[-0.6,0.667],[-0.7,0.634],[-0.7,0.5],[-0.467,0],[0,0],[-0.567,-0.733],[-0.4,-1.066],[-0.3,-1.166],[-0.2,-0.8],[0,0],[0,0]],"o":[[0.2,-0.4],[0.6,-0.666],[0.7,-0.633],[0.7,-0.5],[0,0],[0.666,0],[0.566,0.734],[0.4,1.067],[0.3,1.167],[0,0],[0,0],[0,0]],"v":[[38.2,-47],[39.4,-48.6],[41.35,-50.55],[43.45,-52.25],[45.2,-53],[62,-53],[63.85,-51.9],[65.3,-49.2],[66.35,-45.85],[67.1,-42.9],[67.6,-39.5],[32.3,-39.5]],"c":true},"ix":2},"nm":"a","mn":"ADBE Vector Shape - Group","hd":false}],"nm":"a","np":5,"cix":2,"bm":0,"ix":1,"mn":"ADBE Vector Group","hd":false}]},"fFamily":"Airstrike Laser"},{"ch":"g","size":18,"style":"Regular","w":64,"data":{"shapes":[{"ty":"gr","it":[{"ind":0,"ty":"sh","ix":1,"ks":{"a":0,"k":{"i":[[0,0],[0,0],[3.933,0.734],[3.133,1.834],[1.9,3.134],[0,4.8],[-1.4,3.334],[0,0],[0.333,-0.733],[0.266,-0.733],[0,-0.933],[-0.634,-1.433],[-1.034,-1.2],[-1.234,-0.8],[-1.2,0],[0,0],[0,0],[0,0],[0,0],[-0.767,1.1],[-1.067,1.367],[-1.167,1.367],[-0.934,0.734],[0,0]],"o":[[0,0],[-4.134,0],[-3.934,-0.733],[-3.134,-1.833],[-1.9,-3.133],[0,-3.266],[0,0],[-0.467,0.734],[-0.334,0.734],[-0.534,1.8],[0,1.267],[0.633,1.434],[1.033,1.2],[1.233,0.8],[0,0],[0,0],[0,0],[0,0],[0.066,-0.2],[0.766,-1.1],[1.066,-1.366],[1.166,-1.366],[0,0],[0,0]],"v":[[60.7,0],[45.8,0],[33.7,-1.1],[23.1,-4.95],[15.55,-12.4],[12.7,-24.3],[14.8,-34.2],[34.2,-34.2],[33,-32],[32.1,-29.8],[31.3,-25.7],[32.25,-21.65],[34.75,-17.7],[38.15,-14.7],[41.8,-13.5],[47.7,-13.5],[50,-20],[38.7,-20],[38.7,-20.1],[39.95,-22.05],[42.7,-25.75],[46.05,-29.85],[49.2,-33],[73.2,-33]],"c":true},"ix":2},"nm":"g","mn":"ADBE Vector Shape - Group","hd":false},{"ind":1,"ty":"sh","ix":2,"ks":{"a":0,"k":{"i":[[0,0],[0,0],[-1.567,1.634],[-1.834,1.234],[-2.034,0.7],[-2.134,0],[0,0],[1.966,-2.233],[2.333,-2],[0,0]],"o":[[0,0],[1.2,-1.866],[1.566,-1.633],[1.833,-1.233],[2.033,-0.7],[0,0],[-1.934,2.534],[-1.967,2.234],[0,0],[0,0]],"v":[[41.5,-39.5],[17.5,-39.5],[21.65,-44.75],[26.75,-49.05],[32.55,-51.95],[38.8,-53],[80.1,-53],[74.25,-45.85],[67.8,-39.5],[41.8,-39.5]],"c":true},"ix":2},"nm":"g","mn":"ADBE Vector Shape - Group","hd":false}],"nm":"g","np":5,"cix":2,"bm":0,"ix":1,"mn":"ADBE Vector Group","hd":false}]},"fFamily":"Airstrike Laser"},{"ch":"n","size":18,"style":"Regular","w":65.4,"data":{"shapes":[{"ty":"gr","it":[{"ind":0,"ty":"sh","ix":1,"ks":{"a":0,"k":{"i":[[0,0],[0,0],[0,0],[0,0],[0,0],[0,0],[0,0],[0,0],[0,0],[0,0]],"o":[[0,0],[0,0],[0,0],[0,0],[0,0],[0,0],[0,0],[0,0],[0,0],[0,0]],"v":[[15.2,-34.2],[49.9,-34.2],[52,-23.2],[56,-34.2],[75,-34.2],[62.6,0],[38.4,0],[32.8,-29.8],[22,0],[2.8,0]],"c":true},"ix":2},"nm":"n","mn":"ADBE Vector Shape - Group","hd":false},{"ind":1,"ty":"sh","ix":2,"ks":{"a":0,"k":{"i":[[0,0],[0,0],[0,0],[0,0]],"o":[[0,0],[0,0],[0,0],[0,0]],"v":[[22.1,-53],[46.3,-53],[48.9,-39.5],[17.2,-39.5]],"c":true},"ix":2},"nm":"n","mn":"ADBE Vector Shape - Group","hd":false},{"ind":2,"ty":"sh","ix":3,"ks":{"a":0,"k":{"i":[[0,0],[0,0],[0,0],[0,0]],"o":[[0,0],[0,0],[0,0],[0,0]],"v":[[62.9,-53],[81.9,-53],[77,-39.5],[57.9,-39.5]],"c":true},"ix":2},"nm":"n","mn":"ADBE Vector Shape - Group","hd":false}],"nm":"n","np":6,"cix":2,"bm":0,"ix":1,"mn":"ADBE Vector Group","hd":false}]},"fFamily":"Airstrike Laser"},{"ch":"s","size":18,"style":"Regular","w":66,"data":{"shapes":[{"ty":"gr","it":[{"ind":0,"ty":"sh","ix":1,"ks":{"a":0,"k":{"i":[[0.2,0.567],[0.533,0],[0,0],[1.533,0.867],[1.133,1.367],[0.666,1.7],[0.133,1.667],[0,0],[-0.134,0],[-0.5,-0.233],[-0.067,0],[0,0],[-1.534,-1.033],[-0.967,-1.566],[-0.434,-1.8],[0,-1.533],[0,0],[0.8,-1.966],[1.3,-1.666],[1.7,-1.1],[1.8,0],[0,0],[-1.034,1.467],[-1.167,1.5],[-1,1.167],[-0.2,0],[0,0],[-0.167,0.6],[0,0.667],[0,0]],"o":[[-0.2,-0.566],[0,0],[-1.934,0],[-1.534,-0.866],[-1.134,-1.366],[-0.667,-1.7],[0,0],[0,0.134],[0.266,0.267],[0.5,0.234],[0,0],[2.2,0],[1.533,1.034],[0.966,1.567],[0.433,1.8],[0,0],[0,1.734],[-0.8,1.967],[-1.3,1.667],[-1.7,1.1],[0,0],[0.333,-0.666],[1.033,-1.466],[1.166,-1.5],[1,-1.166],[0,0],[1,0],[0.166,-0.6],[0,0],[0,-0.533]],"v":[[50,-19.05],[48.9,-19.9],[28.9,-19.9],[23.7,-21.2],[19.7,-24.55],[17,-29.15],[15.8,-34.2],[35.7,-34.2],[35.9,-34],[37.05,-33.25],[37.9,-32.9],[56.9,-32.9],[62.5,-31.35],[66.25,-27.45],[68.35,-22.4],[69,-17.4],[69,-16.8],[67.8,-11.25],[64.65,-5.8],[60.15,-1.65],[54.9,0],[3.9,0],[5.95,-3.2],[9.25,-7.65],[12.5,-11.65],[14.3,-13.4],[48.3,-13.4],[50.05,-14.3],[50.3,-16.2],[50.3,-17.4]],"c":true},"ix":2},"nm":"s","mn":"ADBE Vector Shape - Group","hd":false},{"ind":1,"ty":"sh","ix":2,"ks":{"a":0,"k":{"i":[[1.966,-2.266],[2.333,-2.2],[0,0],[-1.034,1.6],[-1.334,1.3],[-1.5,0.834],[-1.534,0],[0,0]],"o":[[-1.967,2.267],[0,0],[0.6,-1.533],[1.033,-1.6],[1.333,-1.3],[1.5,-0.833],[0,0],[-1.534,2.267]],"v":[[77.15,-46.2],[70.7,-39.5],[16.6,-39.5],[19.05,-44.2],[22.6,-48.55],[26.85,-51.75],[31.4,-53],[82.4,-53]],"c":true},"ix":2},"nm":"s","mn":"ADBE Vector Shape - Group","hd":false}],"nm":"s","np":5,"cix":2,"bm":0,"ix":1,"mn":"ADBE Vector Group","hd":false}]},"fFamily":"Airstrike Laser"},{"ch":",","size":18,"style":"Regular","w":20.8,"data":{"shapes":[{"ty":"gr","it":[{"ind":0,"ty":"sh","ix":1,"ks":{"a":0,"k":{"i":[[0,0],[-1.934,1.4],[-2.134,0],[-0.967,-0.9],[0,-1.333],[0.333,-1.2],[0,0],[0.933,-1.166],[1.133,-1],[1.1,-0.7],[0.6,0],[0,0],[0.466,0.433],[0.233,0.7],[0.1,0.833],[0,0.8],[0,0],[-0.067,0.134]],"o":[[0.8,-1.933],[1.933,-1.4],[1.733,0],[0.966,0.9],[0,0.4],[0,0],[-0.334,0.934],[-0.934,1.166],[-1.134,1],[-1.1,0.7],[0,0],[-0.734,0],[-0.467,-0.434],[-0.234,-0.7],[-0.1,-0.834],[0,0],[0,-0.8],[0,0]],"v":[[5.3,-7],[9.4,-12],[15.5,-14.1],[19.55,-12.75],[21,-9.4],[20.5,-7],[19,-2.8],[17.1,0.35],[14,3.6],[10.65,6.15],[8.1,7.2],[7.2,7.2],[5.4,6.55],[4.35,4.85],[3.85,2.55],[3.7,0.1],[3.7,-1.4],[3.8,-2.8]],"c":true},"ix":2},"nm":",","mn":"ADBE Vector Shape - Group","hd":false}],"nm":",","np":3,"cix":2,"bm":0,"ix":1,"mn":"ADBE Vector Group","hd":false}]},"fFamily":"Airstrike Laser"},{"ch":"t","size":18,"style":"Regular","w":59.4,"data":{"shapes":[{"ty":"gr","it":[{"ind":0,"ty":"sh","ix":1,"ks":{"a":0,"k":{"i":[[0,0],[-0.9,1.2],[-1.234,1.467],[-1.3,1.367],[-0.934,0.6],[0,0],[1.066,-1.466],[1.2,-1.466],[1.133,-1.1],[0.6,-0.066],[0,0]],"o":[[0.066,-0.266],[0.9,-1.2],[1.233,-1.466],[1.3,-1.366],[0,0],[-0.467,0.867],[-1.067,1.467],[-1.2,1.467],[-1.134,1.1],[0,0],[0,0]],"v":[[16.7,-39.6],[18.15,-41.8],[21.35,-45.8],[25.15,-50.05],[28.5,-53],[78.6,-53],[76.3,-49.5],[72.9,-45.1],[69.4,-41.25],[66.8,-39.5],[16.7,-39.5]],"c":true},"ix":2},"nm":"t","mn":"ADBE Vector Shape - Group","hd":false},{"ind":1,"ty":"sh","ix":2,"ks":{"a":0,"k":{"i":[[0,0],[0,0],[0,0],[0,0]],"o":[[0,0],[0,0],[0,0],[0,0]],"v":[[33.6,-34.2],[52.8,-34.2],[40.4,0],[21.2,0]],"c":true},"ix":2},"nm":"t","mn":"ADBE Vector Shape - Group","hd":false}],"nm":"t","np":5,"cix":2,"bm":0,"ix":1,"mn":"ADBE Vector Group","hd":false}]},"fFamily":"Airstrike Laser"},{"ch":"r","size":18,"style":"Regular","w":69.9,"data":{"shapes":[{"ty":"gr","it":[{"ind":0,"ty":"sh","ix":1,"ks":{"a":0,"k":{"i":[[0,0],[0,0],[0,0],[0,0],[0,0],[-0.534,0.867],[0,0],[1.766,-1.733],[2.4,-1.033],[2.7,-0.466],[2.466,-0.2],[0,0],[0,0],[0,0],[0,0],[0,0],[0,0]],"o":[[0,0],[0,0],[0,0],[0,0],[0.866,0],[0,0],[-0.6,2.734],[-1.767,1.734],[-2.4,1.034],[-2.7,0.467],[0,0],[0,0],[0,0],[0,0],[0,0],[0,0],[0,0]],"v":[[15.2,-34.2],[34.4,-34.2],[30.7,-24],[39.5,-32.9],[55.5,-32.9],[57.6,-34.2],[77.3,-34.2],[73.75,-27.5],[67.5,-23.35],[59.85,-21.1],[52.1,-20.1],[71.7,0],[50.3,0],[29.7,-19],[28.6,-18.2],[22,0],[2.8,0]],"c":true},"ix":2},"nm":"r","mn":"ADBE Vector Shape - Group","hd":false},{"ind":1,"ty":"sh","ix":2,"ks":{"a":0,"k":{"i":[[0,0],[0,0],[-1.4,-0.833],[-0.8,-1.333],[-0.334,-1.6],[-0.067,-1.466],[0,0],[0.133,0.034],[0.133,0],[0,0],[0,0],[0,0]],"o":[[0,0],[2.2,0],[1.4,0.834],[0.8,1.334],[0.333,1.6],[0,0],[-0.134,0],[-0.134,-0.033],[0,0],[0,0],[0,0],[0,0]],"v":[[22.1,-53],[66.7,-53],[72.1,-51.75],[75.4,-48.5],[77.1,-44.1],[77.7,-39.5],[57.3,-39.5],[56.9,-39.55],[56.5,-39.6],[36.4,-39.6],[36.3,-39.5],[17.2,-39.5]],"c":true},"ix":2},"nm":"r","mn":"ADBE Vector Shape - Group","hd":false}],"nm":"r","np":5,"cix":2,"bm":0,"ix":1,"mn":"ADBE Vector Group","hd":false}]},"fFamily":"Airstrike Laser"},{"ch":"c","size":18,"style":"Regular","w":63.1,"data":{"shapes":[{"ty":"gr","it":[{"ind":0,"ty":"sh","ix":1,"ks":{"a":0,"k":{"i":[[0,0],[-1.334,3.267],[0,0],[0.366,-0.733],[0.266,-0.733],[0,-0.933],[-0.667,-1.433],[-1.034,-1.2],[-1.234,-0.8],[-1.134,0],[0,0],[1.933,-2.366],[2.533,-2],[0,0],[3.933,0.734],[3.133,1.834],[1.9,3.134],[0,4.8]],"o":[[0,-3.2],[0,0],[-0.534,0.734],[-0.367,0.734],[-0.534,1.8],[0,1.267],[0.666,1.434],[1.033,1.2],[1.233,0.8],[0,0],[-1.534,2.267],[-1.934,2.367],[0,0],[-4.134,0],[-3.934,-0.733],[-3.134,-1.833],[-1.9,-3.133],[0,0]],"v":[[12.7,-24.5],[14.7,-34.2],[34.4,-34.2],[33.05,-32],[32.1,-29.8],[31.3,-25.7],[32.3,-21.65],[34.85,-17.7],[38.25,-14.7],[41.8,-13.5],[65.7,-13.5],[60.5,-6.55],[53.8,0],[45.8,0],[33.7,-1.1],[23.1,-4.95],[15.55,-12.4],[12.7,-24.3]],"c":true},"ix":2},"nm":"c","mn":"ADBE Vector Shape - Group","hd":false},{"ind":1,"ty":"sh","ix":2,"ks":{"a":0,"k":{"i":[[-1.567,1.634],[-1.834,1.234],[-2.034,0.7],[-2.2,0],[0,0],[1.966,-2.233],[2.333,-2],[0,0],[0,0],[0,0]],"o":[[1.566,-1.633],[1.833,-1.233],[2.033,-0.7],[0,0],[-1.934,2.534],[-1.967,2.234],[0,0],[0,0],[0,0],[1.2,-1.866]],"v":[[21.55,-44.75],[26.65,-49.05],[32.45,-51.95],[38.8,-53],[80.1,-53],[74.25,-45.85],[67.8,-39.5],[41.8,-39.5],[41.5,-39.5],[17.4,-39.5]],"c":true},"ix":2},"nm":"c","mn":"ADBE Vector Shape - Group","hd":false}],"nm":"c","np":5,"cix":2,"bm":0,"ix":1,"mn":"ADBE Vector Group","hd":false}]},"fFamily":"Airstrike Laser"},{"ch":"e","size":18,"style":"Regular","w":62.5,"data":{"shapes":[{"ty":"gr","it":[{"ind":0,"ty":"sh","ix":1,"ks":{"a":0,"k":{"i":[[0,0],[0,0],[0,0],[0,0],[0,0],[0,0],[0.266,-0.433],[0.266,-0.466],[0.266,-0.4],[0.066,-0.066],[1.033,-1.066],[1,-0.966],[0.766,-0.666],[0.066,0],[0,0],[0,0],[0,0],[0,0]],"o":[[0,0],[0,0],[0,0],[0,0],[0,0],[-0.067,0.134],[-0.267,0.434],[-0.267,0.467],[-0.267,0.4],[-0.6,0.8],[-1.034,1.067],[-1,0.967],[-0.767,0.667],[0,0],[0,0],[0,0],[0,0],[0,0]],"v":[[40.1,-33],[63.2,-33],[48.9,-19.5],[29,-19.5],[26.8,-13.5],[65.1,-13.5],[64.6,-12.65],[63.8,-11.3],[63,-10],[62.5,-9.3],[60.05,-6.5],[57,-3.45],[54.35,-1],[53.1,0],[2.8,0],[15.2,-34.2],[34.4,-34.2],[30.6,-23.8]],"c":true},"ix":2},"nm":"e","mn":"ADBE Vector Shape - Group","hd":false},{"ind":1,"ty":"sh","ix":2,"ks":{"a":0,"k":{"i":[[0,0],[1.066,-1.466],[1.2,-1.466],[1.133,-1.1],[0.6,-0.066],[0,0],[0,0]],"o":[[-0.467,0.867],[-1.067,1.467],[-1.2,1.467],[-1.134,1.1],[0,0],[0,0],[0,0]],"v":[[79.1,-53],[76.8,-49.5],[73.4,-45.1],[69.9,-41.25],[67.3,-39.5],[17.2,-39.5],[22.1,-53]],"c":true},"ix":2},"nm":"e","mn":"ADBE Vector Shape - Group","hd":false}],"nm":"e","np":5,"cix":2,"bm":0,"ix":1,"mn":"ADBE Vector Group","hd":false}]},"fFamily":"Airstrike Laser"},{"ch":".","size":18,"style":"Regular","w":20.8,"data":{"shapes":[{"ty":"gr","it":[{"ind":0,"ty":"sh","ix":1,"ks":{"a":0,"k":{"i":[[-1.934,1.4],[-2.134,0],[-0.967,-0.9],[0,-1.333],[0.8,-1.4],[1.4,-1],[1.066,-0.366],[1.066,0],[0.966,0.867],[0,1.4],[-0.267,0.467]],"o":[[1.933,-1.4],[1.733,0],[0.966,0.9],[0,1.134],[-0.8,1.4],[-0.867,0.6],[-1.067,0.367],[-1.734,0],[-0.967,-0.866],[0,-1.066],[0.8,-1.933]],"v":[[9.4,-12],[15.5,-14.1],[19.55,-12.75],[21,-9.4],[19.8,-5.6],[16.5,-2],[13.6,-0.55],[10.4,0],[6.35,-1.3],[4.9,-4.7],[5.3,-7]],"c":true},"ix":2},"nm":".","mn":"ADBE Vector Shape - Group","hd":false}],"nm":".","np":3,"cix":2,"bm":0,"ix":1,"mn":"ADBE Vector Group","hd":false}]},"fFamily":"Airstrike Laser"},{"ch":"I","size":18,"style":"Regular","w":61.6,"data":{"shapes":[{"ty":"gr","it":[{"ind":0,"ty":"sh","ix":1,"ks":{"a":0,"k":{"i":[[0,0],[-0.9,1.2],[-1.234,1.467],[-1.3,1.367],[-0.934,0.6],[0,0],[0,0],[0,0],[0,0],[0,0],[1.1,-1.5],[1.233,-1.466],[1.166,-1.066],[0.533,0],[0,0]],"o":[[0.066,-0.266],[0.9,-1.2],[1.233,-1.466],[1.3,-1.366],[0,0],[0,0],[0,0],[0,0],[0,0],[-0.467,0.934],[-1.1,1.5],[-1.234,1.467],[-1.167,1.067],[0,0],[0,0]],"v":[[2.3,-0.1],[3.75,-2.3],[6.95,-6.3],[10.75,-10.55],[14.1,-13.5],[26.1,-13.5],[33.6,-34.2],[52.8,-34.2],[45.3,-13.5],[64.2,-13.5],[61.85,-9.85],[58.35,-5.4],[54.75,-1.6],[52.2,0],[2.3,0]],"c":true},"ix":2},"nm":"I","mn":"ADBE Vector Shape - Group","hd":false},{"ind":1,"ty":"sh","ix":2,"ks":{"a":0,"k":{"i":[[0,0],[-0.9,1.2],[-1.234,1.467],[-1.3,1.367],[-0.934,0.6],[0,0],[1.1,-1.5],[1.233,-1.466],[1.166,-1.066],[0.533,0],[0,0]],"o":[[0.066,-0.266],[0.9,-1.2],[1.233,-1.466],[1.3,-1.366],[0,0],[-0.467,0.934],[-1.1,1.5],[-1.234,1.467],[-1.167,1.067],[0,0],[0,0]],"v":[[16.7,-39.6],[18.15,-41.8],[21.35,-45.8],[25.15,-50.05],[28.5,-53],[78.6,-53],[76.25,-49.35],[72.75,-44.9],[69.15,-41.1],[66.6,-39.5],[16.7,-39.5]],"c":true},"ix":2},"nm":"I","mn":"ADBE Vector Shape - Group","hd":false}],"nm":"I","np":5,"cix":2,"bm":0,"ix":1,"mn":"ADBE Vector Group","hd":false}]},"fFamily":"Airstrike Laser"},{"ch":"v","size":18,"style":"Regular","w":74.1,"data":{"shapes":[{"ty":"gr","it":[{"ind":0,"ty":"sh","ix":1,"ks":{"a":0,"k":{"i":[[0,0],[0,0],[0,0],[0.6,-0.666],[0.7,-0.7],[0.733,-0.5],[0.466,0],[0,0],[0.533,0.734],[0.4,1.067],[0.266,1.167],[0.2,0.8],[0,0],[0,0],[0,0]],"o":[[0,0],[0,0],[-0.334,0.4],[-0.6,0.667],[-0.7,0.7],[-0.734,0.5],[0,0],[-0.734,0],[-0.534,-0.733],[-0.4,-1.066],[-0.267,-1.166],[0,0],[0,0],[0,0],[0,0]],"v":[[56.4,-34.2],[77.3,-34.2],[56.1,-6.2],[54.7,-4.6],[52.75,-2.55],[50.6,-0.75],[48.8,0],[32.3,0],[30.4,-1.1],[29,-3.8],[28,-7.15],[27.3,-10.1],[23.8,-34.2],[41,-34.2],[43.3,-17.3]],"c":true},"ix":2},"nm":"v","mn":"ADBE Vector Shape - Group","hd":false},{"ind":1,"ty":"sh","ix":2,"ks":{"a":0,"k":{"i":[[0,0],[0,0],[0,0],[0,0]],"o":[[0,0],[0,0],[0,0],[0,0]],"v":[[71,-53],[91.6,-53],[81.3,-39.5],[60.5,-39.5]],"c":true},"ix":2},"nm":"v","mn":"ADBE Vector Shape - Group","hd":false},{"ind":2,"ty":"sh","ix":3,"ks":{"a":0,"k":{"i":[[0,0],[0,0],[0,0],[0,0]],"o":[[0,0],[0,0],[0,0],[0,0]],"v":[[38.5,-53],[40.3,-39.5],[23,-39.5],[21.1,-53]],"c":true},"ix":2},"nm":"v","mn":"ADBE Vector Shape - Group","hd":false}],"nm":"v","np":6,"cix":2,"bm":0,"ix":1,"mn":"ADBE Vector Group","hd":false}]},"fFamily":"Airstrike Laser"},{"ch":"S","size":18,"style":"Regular","w":65.3,"data":{"shapes":[{"ty":"gr","it":[{"ind":0,"ty":"sh","ix":1,"ks":{"a":0,"k":{"i":[[0.2,0.567],[0.533,0],[0,0],[1.533,0.867],[1.133,1.367],[0.666,1.7],[0.133,1.667],[0,0],[-0.134,0],[-0.5,-0.233],[-0.067,0],[0,0],[-1.534,-1.033],[-0.967,-1.566],[-0.467,-1.8],[0,-1.533],[0,0],[0.8,-1.966],[1.3,-1.666],[1.7,-1.1],[1.8,0],[0,0],[-1.034,1.467],[-1.167,1.5],[-1,1.167],[-0.2,0],[0,0],[-0.167,0.6],[0,0.667],[0,0]],"o":[[-0.2,-0.566],[0,0],[-1.934,0],[-1.534,-0.866],[-1.134,-1.366],[-0.667,-1.7],[0,0],[0,0.134],[0.266,0.267],[0.5,0.234],[0,0],[2.133,0],[1.533,1.034],[0.966,1.567],[0.466,1.8],[0,0],[0,1.734],[-0.8,1.967],[-1.3,1.667],[-1.7,1.1],[0,0],[0.333,-0.666],[1.033,-1.466],[1.166,-1.5],[1,-1.166],[0,0],[1,0],[0.166,-0.6],[0,0],[0,-0.533]],"v":[[50,-19.05],[48.9,-19.9],[28.9,-19.9],[23.7,-21.2],[19.7,-24.55],[17,-29.15],[15.8,-34.2],[35.7,-34.2],[35.9,-34],[37.05,-33.25],[37.9,-32.9],[56.9,-32.9],[62.4,-31.35],[66.15,-27.45],[68.3,-22.4],[69,-17.4],[69,-16.8],[67.8,-11.25],[64.65,-5.8],[60.15,-1.65],[54.9,0],[3.9,0],[5.95,-3.2],[9.25,-7.65],[12.5,-11.65],[14.3,-13.4],[48.3,-13.4],[50.05,-14.3],[50.3,-16.2],[50.3,-17.4]],"c":true},"ix":2},"nm":"S","mn":"ADBE Vector Shape - Group","hd":false},{"ind":1,"ty":"sh","ix":2,"ks":{"a":0,"k":{"i":[[1.966,-2.266],[2.333,-2.2],[0,0],[-1.034,1.6],[-1.334,1.3],[-1.5,0.834],[-1.534,0],[0,0]],"o":[[-1.967,2.267],[0,0],[0.6,-1.533],[1.033,-1.6],[1.333,-1.3],[1.5,-0.833],[0,0],[-1.534,2.267]],"v":[[77.15,-46.2],[70.7,-39.5],[16.6,-39.5],[19.05,-44.2],[22.6,-48.55],[26.85,-51.75],[31.4,-53],[82.4,-53]],"c":true},"ix":2},"nm":"S","mn":"ADBE Vector Shape - Group","hd":false}],"nm":"S","np":5,"cix":2,"bm":0,"ix":1,"mn":"ADBE Vector Group","hd":false}]},"fFamily":"Airstrike Laser"},{"ch":"k","size":18,"style":"Regular","w":69.8,"data":{"shapes":[{"ty":"gr","it":[{"ind":0,"ty":"sh","ix":1,"ks":{"a":0,"k":{"i":[[0,0],[0,0],[0,0],[0,0],[0,0],[0,0],[0,0],[0,0],[0,0],[0,0],[0,0]],"o":[[0,0],[0,0],[0,0],[0,0],[0,0],[0,0],[0,0],[0,0],[0,0],[0,0],[0,0]],"v":[[15.2,-34.2],[34.4,-34.2],[32.6,-29.2],[39.5,-34.2],[62.5,-34.2],[52.5,-26.5],[71.7,0],[50.3,0],[30.7,-23.8],[22,0],[2.8,0]],"c":true},"ix":2},"nm":"k","mn":"ADBE Vector Shape - Group","hd":false},{"ind":1,"ty":"sh","ix":2,"ks":{"a":0,"k":{"i":[[0,0],[0,0],[0,0],[0,0]],"o":[[0,0],[0,0],[0,0],[0,0]],"v":[[65.7,-53],[87.1,-53],[69.4,-39.5],[46.9,-39.5]],"c":true},"ix":2},"nm":"k","mn":"ADBE Vector Shape - Group","hd":false},{"ind":2,"ty":"sh","ix":3,"ks":{"a":0,"k":{"i":[[0,0],[0,0],[0,0],[0,0]],"o":[[0,0],[0,0],[0,0],[0,0]],"v":[[22.1,-53],[41.3,-53],[36.4,-39.5],[17.2,-39.5]],"c":true},"ix":2},"nm":"k","mn":"ADBE Vector Shape - Group","hd":false}],"nm":"k","np":6,"cix":2,"bm":0,"ix":1,"mn":"ADBE Vector Group","hd":false}]},"fFamily":"Airstrike Laser"},{"ch":"y","size":18,"style":"Regular","w":65.6,"data":{"shapes":[{"ty":"gr","it":[{"ind":0,"ty":"sh","ix":1,"ks":{"a":0,"k":{"i":[[0,0],[0,0],[0,0],[0,0],[0,0],[0,0]],"o":[[0,0],[0,0],[0,0],[0,0],[0,0],[0,0]],"v":[[32.4,-25.2],[28.7,-34.2],[61.8,-34.2],[51.6,-25.2],[42.4,0],[23.2,0]],"c":true},"ix":2},"nm":"y","mn":"ADBE Vector Shape - Group","hd":false},{"ind":1,"ty":"sh","ix":2,"ks":{"a":0,"k":{"i":[[0,0],[0,0],[0,0],[0,0],[0,0],[0,0],[0,0]],"o":[[0,0],[0,0],[0,0],[0,0],[0,0],[0,0],[0,0]],"v":[[42.5,-53],[47.5,-40.5],[61.7,-53],[83.1,-53],[67.8,-39.5],[26.6,-39.5],[21.1,-53]],"c":true},"ix":2},"nm":"y","mn":"ADBE Vector Shape - Group","hd":false}],"nm":"y","np":5,"cix":2,"bm":0,"ix":1,"mn":"ADBE Vector Group","hd":false}]},"fFamily":"Airstrike Laser"},{"ch":"C","size":18,"style":"Regular","w":63.1,"data":{"shapes":[{"ty":"gr","it":[{"ind":0,"ty":"sh","ix":1,"ks":{"a":0,"k":{"i":[[0,0],[-1.334,3.267],[0,0],[0.366,-0.733],[0.266,-0.733],[0,-0.933],[-0.667,-1.433],[-1.034,-1.2],[-1.234,-0.8],[-1.134,0],[0,0],[1.933,-2.366],[2.533,-2],[0,0],[3.933,0.734],[3.133,1.834],[1.9,3.134],[0,4.8]],"o":[[0,-3.2],[0,0],[-0.534,0.734],[-0.367,0.734],[-0.534,1.8],[0,1.267],[0.666,1.434],[1.033,1.2],[1.233,0.8],[0,0],[-1.534,2.267],[-1.934,2.367],[0,0],[-4.134,0],[-3.934,-0.733],[-3.134,-1.833],[-1.9,-3.133],[0,0]],"v":[[12.7,-24.5],[14.7,-34.2],[34.4,-34.2],[33.05,-32],[32.1,-29.8],[31.3,-25.7],[32.3,-21.65],[34.85,-17.7],[38.25,-14.7],[41.8,-13.5],[65.7,-13.5],[60.5,-6.55],[53.8,0],[45.8,0],[33.7,-1.1],[23.1,-4.95],[15.55,-12.4],[12.7,-24.3]],"c":true},"ix":2},"nm":"C","mn":"ADBE Vector Shape - Group","hd":false},{"ind":1,"ty":"sh","ix":2,"ks":{"a":0,"k":{"i":[[-1.567,1.634],[-1.834,1.234],[-2.034,0.7],[-2.2,0],[0,0],[1.966,-2.233],[2.333,-2],[0,0],[0,0],[0,0]],"o":[[1.566,-1.633],[1.833,-1.233],[2.033,-0.7],[0,0],[-1.934,2.534],[-1.967,2.234],[0,0],[0,0],[0,0],[1.2,-1.866]],"v":[[21.55,-44.75],[26.65,-49.05],[32.45,-51.95],[38.8,-53],[80.1,-53],[74.25,-45.85],[67.8,-39.5],[41.8,-39.5],[41.5,-39.5],[17.4,-39.5]],"c":true},"ix":2},"nm":"C","mn":"ADBE Vector Shape - Group","hd":false}],"nm":"C","np":5,"cix":2,"bm":0,"ix":1,"mn":"ADBE Vector Group","hd":false}]},"fFamily":"Airstrike Laser"},{"ch":"A","size":18,"style":"Regular","w":75.5,"data":{"shapes":[{"ty":"gr","it":[{"ind":0,"ty":"sh","ix":1,"ks":{"a":0,"k":{"i":[[0,0],[0,0],[0.833,-1.133],[1.033,-1.266],[1,-1.066],[0.466,-0.2],[0,0],[0,-0.2],[0,0],[0,0],[0,0],[0,0],[0,0],[0,0],[0,0],[0,0],[0,0]],"o":[[0,0],[-0.134,0.4],[-0.834,1.134],[-1.034,1.267],[-1,1.067],[0,0],[0.133,-0.666],[0,0],[0,0],[0,0],[0,0],[0,0],[0,0],[0,0],[0,0],[0,0],[0,0]],"v":[[55.9,0],[53.8,-11.3],[52.35,-9],[49.55,-5.4],[46.5,-1.9],[44.3,0],[2,0],[2.2,-0.7],[2.2,-1],[28.2,-34.2],[48.3,-34.2],[33.5,-14.4],[33.5,-13.4],[53.8,-13.4],[50.7,-34.2],[68.4,-34.2],[73.7,0]],"c":true},"ix":2},"nm":"A","mn":"ADBE Vector Shape - Group","hd":false},{"ind":1,"ty":"sh","ix":2,"ks":{"a":0,"k":{"i":[[0,0],[-0.6,0.667],[-0.7,0.634],[-0.7,0.5],[-0.467,0],[0,0],[-0.567,-0.733],[-0.4,-1.066],[-0.3,-1.166],[-0.2,-0.8],[0,0],[0,0]],"o":[[0.2,-0.4],[0.6,-0.666],[0.7,-0.633],[0.7,-0.5],[0,0],[0.666,0],[0.566,0.734],[0.4,1.067],[0.3,1.167],[0,0],[0,0],[0,0]],"v":[[38.2,-47],[39.4,-48.6],[41.35,-50.55],[43.45,-52.25],[45.2,-53],[62,-53],[63.85,-51.9],[65.3,-49.2],[66.35,-45.85],[67.1,-42.9],[67.6,-39.5],[32.3,-39.5]],"c":true},"ix":2},"nm":"A","mn":"ADBE Vector Shape - Group","hd":false}],"nm":"A","np":5,"cix":2,"bm":0,"ix":1,"mn":"ADBE Vector Group","hd":false}]},"fFamily":"Airstrike Laser"},{"ch":"A","size":12,"style":"Regular","w":68.36,"data":{"shapes":[{"ty":"gr","it":[{"ind":0,"ty":"sh","ix":1,"ks":{"a":0,"k":{"i":[[0,0],[0,0],[0,0],[0,0],[0,0],[0,0],[0,0],[0,0]],"o":[[0,0],[0,0],[0,0],[0,0],[0,0],[0,0],[0,0],[0,0]],"v":[[40.625,-72.705],[27.734,-72.705],[1.27,0],[11.084,0],[18.213,-20.264],[49.658,-20.264],[56.787,0],[67.09,0]],"c":true},"ix":2},"nm":"A","mn":"ADBE Vector Shape - Group","hd":false},{"ind":1,"ty":"sh","ix":2,"ks":{"a":0,"k":{"i":[[0,0],[0,0],[0,0]],"o":[[0,0],[0,0],[0,0]],"v":[[21.143,-28.564],[33.936,-64.258],[46.68,-28.564]],"c":true},"ix":2},"nm":"A","mn":"ADBE Vector Shape - Group","hd":false}],"nm":"A","np":5,"cix":2,"bm":0,"ix":1,"mn":"ADBE Vector Group","hd":false}]},"fFamily":"MS Reference Sans Serif"},{"ch":"t","size":12,"style":"Regular","w":39.4,"data":{"shapes":[{"ty":"gr","it":[{"ind":0,"ty":"sh","ix":1,"ks":{"a":0,"k":{"i":[[0,0],[0,0],[1.627,-0.439],[1.497,0],[1.253,0.603],[0.716,1.302],[0.13,1.611],[0,2.865],[0,0],[0,0],[0,0],[0,0],[0,0],[0,0],[0,0],[0,0],[0,0],[0,0],[0,0],[-2.898,-2.995],[-5.566,0],[-2.035,0.293],[-1.726,0.456]],"o":[[0,0],[-0.716,0.293],[-1.628,0.439],[-2.572,0],[-1.254,-0.602],[-0.781,-1.399],[-0.13,-1.611],[0,0],[0,0],[0,0],[0,0],[0,0],[0,0],[0,0],[0,0],[0,0],[0,0],[0,0],[0,6.609],[2.897,2.995],[1.595,0],[2.034,-0.293],[0,0]],"v":[[37.354,-8.74],[36.865,-8.74],[33.35,-7.642],[28.662,-6.982],[22.925,-7.886],[19.971,-10.742],[18.604,-15.259],[18.408,-21.973],[18.408,-46.826],[37.354,-46.826],[37.354,-54.541],[18.408,-54.541],[18.408,-70.215],[9.229,-70.215],[9.229,-54.541],[3.027,-54.541],[3.027,-46.826],[9.229,-46.826],[9.229,-17.822],[13.574,-3.418],[26.27,1.074],[31.714,0.635],[37.354,-0.488]],"c":true},"ix":2},"nm":"t","mn":"ADBE Vector Shape - Group","hd":false}],"nm":"t","np":3,"cix":2,"bm":0,"ix":1,"mn":"ADBE Vector Group","hd":false}]},"fFamily":"MS Reference Sans Serif"},{"ch":"e","size":12,"style":"Regular","w":59.57,"data":{"shapes":[{"ty":"gr","it":[{"ind":0,"ty":"sh","ix":1,"ks":{"a":0,"k":{"i":[[0,0],[3.987,4.297],[7.356,0],[4.866,-5.241],[0,-8.919],[-5.078,-4.899],[-9.05,0],[-3.223,0.879],[-3.093,1.302],[0,0],[0,0],[3.76,-1.481],[3.711,0],[2.327,0.781],[1.692,1.563],[1.009,2.49],[0,3.353],[0,0]],"o":[[0,-7.91],[-3.988,-4.297],[-7.943,0],[-4.867,5.241],[0,9.017],[5.078,4.9],[3.548,0],[3.223,-0.879],[0,0],[0,0],[-1.595,1.433],[-3.76,1.482],[-2.8,0],[-2.328,-0.781],[-1.758,-1.595],[-1.009,-2.49],[0,0],[0,0]],"v":[[54.688,-31.299],[48.706,-49.609],[31.689,-56.055],[12.476,-48.193],[5.176,-26.953],[12.793,-6.079],[33.984,1.27],[44.141,-0.049],[53.613,-3.32],[53.613,-13.33],[53.125,-13.33],[45.093,-8.96],[33.887,-6.738],[26.196,-7.91],[20.166,-11.426],[16.016,-17.554],[14.502,-26.318],[54.688,-26.318]],"c":true},"ix":2},"nm":"e","mn":"ADBE Vector Shape - Group","hd":false},{"ind":1,"ty":"sh","ix":2,"ks":{"a":0,"k":{"i":[[0,0],[-2.914,2.898],[-4.916,0],[-2.393,-2.637],[-0.033,-4.817]],"o":[[0.391,-4.297],[2.913,-2.897],[4.883,0],[2.393,2.637],[0,0]],"v":[[14.502,-33.35],[19.458,-44.141],[31.201,-48.486],[42.114,-44.531],[45.752,-33.35]],"c":true},"ix":2},"nm":"e","mn":"ADBE Vector Shape - Group","hd":false}],"nm":"e","np":5,"cix":2,"bm":0,"ix":1,"mn":"ADBE Vector Group","hd":false}]},"fFamily":"MS Reference Sans Serif"},{"ch":"n","size":12,"style":"Regular","w":63.28,"data":{"shapes":[{"ty":"gr","it":[{"ind":0,"ty":"sh","ix":1,"ks":{"a":0,"k":{"i":[[0,0],[3.092,3.548],[5.891,0],[3.059,-1.334],[2.864,-2.376],[0,0],[0,0],[0,0],[0,0],[0,0],[-2.734,1.237],[-2.507,0],[-1.53,-0.667],[-0.814,-1.367],[-0.293,-2.197],[0,-2.506],[0,0],[0,0]],"o":[[0,-6.673],[-3.093,-3.548],[-3.223,0],[-3.06,1.335],[0,0],[0,0],[0,0],[0,0],[0,0],[2.506,-1.92],[2.734,-1.237],[2.441,0],[1.53,0.668],[0.781,1.237],[0.293,2.197],[0,0],[0,0],[0,0]],"v":[[54.639,-35.4],[50,-50.732],[36.523,-56.055],[27.1,-54.053],[18.213,-48.486],[18.213,-54.541],[9.033,-54.541],[9.033,0],[18.213,0],[18.213,-40.723],[26.074,-45.459],[33.936,-47.314],[39.893,-46.313],[43.408,-43.262],[45.02,-38.11],[45.459,-31.055],[45.459,0],[54.639,0]],"c":true},"ix":2},"nm":"n","mn":"ADBE Vector Shape - Group","hd":false}],"nm":"n","np":3,"cix":2,"bm":0,"ix":1,"mn":"ADBE Vector Group","hd":false}]},"fFamily":"MS Reference Sans Serif"},{"ch":"c","size":12,"style":"Regular","w":52.1,"data":{"shapes":[{"ty":"gr","it":[{"ind":0,"ty":"sh","ix":1,"ks":{"a":0,"k":{"i":[[0,0],[0,0],[1.172,-0.764],[1.334,-0.684],[1.92,-0.488],[1.855,0],[2.946,3.532],[0,6.576],[-3.011,3.5],[-5.209,0],[-2.979,-1.172],[-2.8,-2.18],[0,0],[0,0],[3.011,0.879],[3.125,0],[4.899,-5.078],[0,-8.919],[-1.302,-3.58],[-2.377,-2.344],[-3.288,-1.155],[-3.939,0],[-2.751,0.813],[-3.06,1.465]],"o":[[0,0],[-0.684,0.554],[-1.172,0.765],[-1.53,0.781],[-1.921,0.488],[-5.339,0],[-2.946,-3.532],[0,-6.77],[3.011,-3.499],[2.832,0],[2.979,1.172],[0,0],[0,0],[-2.507,-1.27],[-3.011,-0.879],[-8.041,0],[-4.9,5.078],[0,4.785],[1.302,3.581],[2.344,2.344],[3.288,1.155],[3.092,0],[2.75,-0.813],[0,0]],"v":[[49.365,-13.525],[48.877,-13.525],[46.094,-11.548],[42.334,-9.375],[37.158,-7.471],[31.494,-6.738],[19.067,-12.036],[14.648,-27.197],[19.165,-42.603],[31.494,-47.852],[40.21,-46.094],[48.877,-41.064],[49.365,-41.064],[49.365,-51.27],[41.089,-54.492],[31.885,-55.811],[12.476,-48.193],[5.127,-27.197],[7.08,-14.648],[12.598,-5.762],[21.045,-0.513],[31.885,1.221],[40.649,0],[49.365,-3.418]],"c":true},"ix":2},"nm":"c","mn":"ADBE Vector Shape - Group","hd":false}],"nm":"c","np":3,"cix":2,"bm":0,"ix":1,"mn":"ADBE Vector Group","hd":false}]},"fFamily":"MS Reference Sans Serif"},{"ch":"i","size":12,"style":"Regular","w":27.44,"data":{"shapes":[{"ty":"gr","it":[{"ind":0,"ty":"sh","ix":1,"ks":{"a":0,"k":{"i":[[0,0],[0,0],[0,0],[0,0]],"o":[[0,0],[0,0],[0,0],[0,0]],"v":[[18.896,-73.193],[8.545,-73.193],[8.545,-63.672],[18.896,-63.672]],"c":true},"ix":2},"nm":"i","mn":"ADBE Vector Shape - Group","hd":false},{"ind":1,"ty":"sh","ix":2,"ks":{"a":0,"k":{"i":[[0,0],[0,0],[0,0],[0,0]],"o":[[0,0],[0,0],[0,0],[0,0]],"v":[[18.311,-54.541],[9.131,-54.541],[9.131,0],[18.311,0]],"c":true},"ix":2},"nm":"i","mn":"ADBE Vector Shape - Group","hd":false}],"nm":"i","np":5,"cix":2,"bm":0,"ix":1,"mn":"ADBE Vector Group","hd":false}]},"fFamily":"MS Reference Sans Serif"},{"ch":"ó","size":12,"style":"Regular","w":60.69,"data":{"shapes":[{"ty":"gr","it":[{"ind":0,"ty":"sh","ix":1,"ks":{"a":0,"k":{"i":[[4.557,5.16],[7.649,0],[4.541,-5.159],[0,-8.887],[-4.541,-5.143],[-7.715,0],[-4.558,5.144],[0,8.887]],"o":[[-4.558,-5.159],[-7.715,0],[-4.541,5.16],[0,8.887],[4.541,5.144],[7.649,0],[4.557,-5.143],[0,-8.887]],"v":[[48.682,-48.315],[30.371,-56.055],[11.987,-48.315],[5.176,-27.246],[11.987,-6.201],[30.371,1.514],[48.682,-6.201],[55.518,-27.246]],"c":true},"ix":2},"nm":"ó","mn":"ADBE Vector Shape - Group","hd":false},{"ind":1,"ty":"sh","ix":2,"ks":{"a":0,"k":{"i":[[2.783,-3.499],[4.883,0],[2.766,3.532],[0,6.836],[-2.751,3.435],[-4.98,0],[-2.767,-3.434],[0,-7.063]],"o":[[-2.783,3.5],[-4.948,0],[-2.767,-3.532],[0,-7.063],[2.75,-3.434],[4.915,0],[2.766,3.435],[0,6.902]],"v":[[41.87,-11.646],[30.371,-6.396],[18.799,-11.694],[14.648,-27.246],[18.774,-42.993],[30.371,-48.145],[41.895,-42.993],[46.045,-27.246]],"c":true},"ix":2},"nm":"ó","mn":"ADBE Vector Shape - Group","hd":false},{"ind":2,"ty":"sh","ix":3,"ks":{"a":0,"k":{"i":[[0,0],[0,0],[0,0],[0,0]],"o":[[0,0],[0,0],[0,0],[0,0]],"v":[[33.691,-81.836],[24.951,-63.574],[32.227,-63.574],[45.557,-81.836]],"c":true},"ix":2},"nm":"ó","mn":"ADBE Vector Shape - Group","hd":false}],"nm":"ó","np":6,"cix":2,"bm":0,"ix":1,"mn":"ADBE Vector Group","hd":false}]},"fFamily":"MS Reference Sans Serif"},{"ch":" ","size":12,"style":"Regular","w":35.16,"data":{},"fFamily":"MS Reference Sans Serif"},{"ch":"a","size":12,"style":"Regular","w":60.06,"data":{"shapes":[{"ty":"gr","it":[{"ind":0,"ty":"sh","ix":1,"ks":{"a":0,"k":{"i":[[0,0],[1.074,2.377],[2.051,1.498],[2.848,0.635],[3.841,0],[3.385,-0.586],[1.79,-0.488],[0,0],[0,0],[-2.962,0.635],[-2.409,0],[-1.823,-0.26],[-1.302,-0.748],[-0.732,-1.367],[0,-2.083],[0,0],[4.655,-0.52],[3.32,-1.465],[1.774,-2.555],[0,-4.134],[-3.418,-3.255],[-4.916,0],[-1.986,0.504],[-1.53,0.749],[-1.384,0.993],[-0.814,0.554],[0,0],[0,0]],"o":[[0,-3.516],[-1.074,-2.376],[-2.084,-1.53],[-2.849,-0.635],[-3.288,0],[-3.386,0.586],[0,0],[0,0],[3.157,-1.204],[2.962,-0.635],[1.985,0],[1.823,0.261],[1.367,0.781],[0.732,1.367],[0,0],[-5.339,0.261],[-4.655,0.521],[-3.288,1.465],[-1.775,2.556],[0,5.046],[3.418,3.255],[2.669,0],[1.985,-0.505],[1.302,-0.586],[1.383,-0.993],[0,0],[0,0],[0,0]],"v":[[51.416,-37.012],[49.805,-45.85],[45.117,-51.66],[37.72,-54.907],[27.686,-55.859],[17.676,-54.98],[9.912,-53.369],[9.912,-44.043],[10.4,-44.043],[19.58,-46.802],[27.637,-47.754],[33.35,-47.363],[38.037,-45.85],[41.187,-42.627],[42.285,-37.451],[42.285,-36.035],[27.295,-34.863],[15.332,-31.885],[7.739,-25.854],[5.078,-15.82],[10.205,-3.369],[22.705,1.514],[29.688,0.757],[34.961,-1.123],[38.989,-3.491],[42.285,-5.811],[42.285,0],[51.416,0]],"c":true},"ix":2},"nm":"a","mn":"ADBE Vector Shape - Group","hd":false},{"ind":1,"ty":"sh","ix":2,"ks":{"a":0,"k":{"i":[[2.669,-1.253],[3.223,0],[1.888,1.579],[0,3.125],[-1.628,1.579],[-2.637,0.749],[-3.793,0.326],[-2.8,0.163],[0,0]],"o":[[-2.67,1.254],[-3.874,0],[-1.888,-1.579],[0,-2.766],[1.627,-1.579],[2.213,-0.618],[3.792,-0.325],[0,0],[-2.279,1.758]],"v":[[34.863,-8.911],[26.025,-7.031],[17.383,-9.399],[14.551,-16.455],[16.992,-22.974],[23.389,-26.465],[32.397,-27.881],[42.285,-28.613],[42.285,-13.428]],"c":true},"ix":2},"nm":"a","mn":"ADBE Vector Shape - Group","hd":false}],"nm":"a","np":5,"cix":2,"bm":0,"ix":1,"mn":"ADBE Vector Group","hd":false}]},"fFamily":"MS Reference Sans Serif"},{"ch":"l","size":12,"style":"Regular","w":27.44,"data":{"shapes":[{"ty":"gr","it":[{"ind":0,"ty":"sh","ix":1,"ks":{"a":0,"k":{"i":[[0,0],[0,0],[0,0],[0,0]],"o":[[0,0],[0,0],[0,0],[0,0]],"v":[[18.311,-75.977],[9.131,-75.977],[9.131,0],[18.311,0]],"c":true},"ix":2},"nm":"l","mn":"ADBE Vector Shape - Group","hd":false}],"nm":"l","np":3,"cix":2,"bm":0,"ix":1,"mn":"ADBE Vector Group","hd":false}]},"fFamily":"MS Reference Sans Serif"},{"ch":"u","size":12,"style":"Regular","w":63.28,"data":{"shapes":[{"ty":"gr","it":[{"ind":0,"ty":"sh","ix":1,"ks":{"a":0,"k":{"i":[[0,0],[0,0],[0,0],[2.815,-1.237],[2.376,0],[1.399,0.652],[0.879,1.433],[0.26,1.97],[0,2.767],[0,0],[0,0],[0,0],[-3.191,-3.499],[-5.73,0],[-2.832,1.302],[-3.093,2.441],[0,0],[0,0]],"o":[[0,0],[0,0],[-2.441,1.921],[-2.816,1.237],[-2.67,0],[-1.4,-0.651],[-0.847,-1.399],[-0.261,-1.969],[0,0],[0,0],[0,0],[0,6.771],[3.19,3.5],[3.418,0],[2.832,-1.302],[0,0],[0,0],[0,0]],"v":[[54.248,-54.541],[45.068,-54.541],[45.068,-13.818],[37.183,-9.082],[29.395,-7.227],[23.291,-8.203],[19.873,-11.328],[18.213,-16.382],[17.822,-23.486],[17.822,-54.541],[8.643,-54.541],[8.643,-19.141],[13.428,-3.735],[26.807,1.514],[36.182,-0.439],[45.068,-6.055],[45.068,0],[54.248,0]],"c":true},"ix":2},"nm":"u","mn":"ADBE Vector Shape - Group","hd":false}],"nm":"u","np":3,"cix":2,"bm":0,"ix":1,"mn":"ADBE Vector Group","hd":false}]},"fFamily":"MS Reference Sans Serif"},{"ch":"s","size":12,"style":"Regular","w":52.1,"data":{"shapes":[{"ty":"gr","it":[{"ind":0,"ty":"sh","ix":1,"ks":{"a":0,"k":{"i":[[2.311,2.409],[4.264,0.977],[2.1,0.391],[1.692,0.391],[1.367,1.14],[0,2.246],[-2.312,1.286],[-3.353,0],[-3.353,-1.188],[-2.344,-1.725],[0,0],[0,0],[3.336,0.798],[3.255,0],[2.815,-0.895],[1.823,-1.53],[0.928,-1.985],[0,-2.246],[-2.002,-2.457],[-4.785,-1.27],[-2.1,-0.391],[-1.302,-0.293],[-1.237,-1.106],[0,-2.148],[2.278,-1.302],[4.036,0],[3.548,1.286],[2.897,2.181],[0,0],[0,0],[-3.369,-0.96],[-4.037,0],[-4.118,3.191],[0,4.98]],"o":[[-2.312,-2.376],[-1.4,-0.325],[-2.1,-0.391],[-3.06,-0.716],[-1.4,-1.139],[0,-2.539],[2.311,-1.286],[3.223,0],[3.352,1.189],[0,0],[0,0],[-2.214,-1.139],[-3.337,-0.797],[-3.484,0],[-2.816,0.896],[-1.888,1.563],[-0.928,1.986],[0,3.581],[2.002,2.458],[1.725,0.456],[2.1,0.391],[3.516,0.781],[1.237,1.107],[0,2.8],[-2.279,1.302],[-3.255,0],[-3.548,-1.286],[0,0],[0,0],[2.278,1.14],[3.369,0.96],[7.129,0],[4.118,-3.19],[0,-3.971]],"v":[[44.531,-25.293],[34.668,-30.322],[29.419,-31.396],[23.73,-32.568],[17.09,-35.352],[14.99,-40.43],[18.457,-46.167],[26.953,-48.096],[36.816,-46.313],[45.361,-41.943],[45.85,-41.943],[45.85,-51.758],[37.524,-54.663],[27.637,-55.859],[18.188,-54.517],[11.23,-50.879],[7.007,-45.557],[5.615,-39.209],[8.618,-30.151],[18.799,-24.561],[24.536,-23.291],[29.639,-22.266],[36.768,-19.434],[38.623,-14.551],[35.205,-8.398],[25.732,-6.445],[15.527,-8.374],[5.859,-13.574],[5.371,-13.574],[5.371,-3.271],[13.843,-0.122],[24.951,1.318],[41.821,-3.467],[47.998,-15.723]],"c":true},"ix":2},"nm":"s","mn":"ADBE Vector Shape - Group","hd":false}],"nm":"s","np":3,"cix":2,"bm":0,"ix":1,"mn":"ADBE Vector Group","hd":false}]},"fFamily":"MS Reference Sans Serif"},{"ch":"r","size":12,"style":"Regular","w":42.68,"data":{"shapes":[{"ty":"gr","it":[{"ind":0,"ty":"sh","ix":1,"ks":{"a":0,"k":{"i":[[0,0],[0.716,0.082],[1.595,0],[2.783,-1.221],[3.645,-2.93],[0,0],[0,0],[0,0],[0,0],[0,0],[-2.637,1.254],[-2.832,0],[-1.286,-0.146],[-1.367,-0.325],[0,0]],"o":[[-1.433,-0.227],[-0.716,-0.081],[-2.898,0],[-2.783,1.221],[0,0],[0,0],[0,0],[0,0],[0,0],[2.441,-1.985],[2.637,-1.253],[1.758,0],[1.286,0.146],[0,0],[0,0]],"v":[[43.066,-53.955],[39.844,-54.419],[36.377,-54.541],[27.856,-52.71],[18.213,-46.484],[18.213,-54.541],[9.033,-54.541],[9.033,0],[18.213,0],[18.213,-38.721],[25.83,-43.579],[34.033,-45.459],[38.599,-45.239],[42.578,-44.531],[43.066,-44.531]],"c":true},"ix":2},"nm":"r","mn":"ADBE Vector Shape - Group","hd":false}],"nm":"r","np":3,"cix":2,"bm":0,"ix":1,"mn":"ADBE Vector Group","hd":false}]},"fFamily":"MS Reference Sans Serif"},{"ch":"o","size":12,"style":"Regular","w":60.69,"data":{"shapes":[{"ty":"gr","it":[{"ind":0,"ty":"sh","ix":1,"ks":{"a":0,"k":{"i":[[4.557,5.16],[7.649,0],[4.541,-5.159],[0,-8.887],[-4.541,-5.143],[-7.715,0],[-4.558,5.144],[0,8.887]],"o":[[-4.558,-5.159],[-7.715,0],[-4.541,5.16],[0,8.887],[4.541,5.144],[7.649,0],[4.557,-5.143],[0,-8.887]],"v":[[48.682,-48.315],[30.371,-56.055],[11.987,-48.315],[5.176,-27.246],[11.987,-6.201],[30.371,1.514],[48.682,-6.201],[55.518,-27.246]],"c":true},"ix":2},"nm":"o","mn":"ADBE Vector Shape - Group","hd":false},{"ind":1,"ty":"sh","ix":2,"ks":{"a":0,"k":{"i":[[2.783,-3.499],[4.883,0],[2.766,3.532],[0,6.836],[-2.751,3.435],[-4.98,0],[-2.767,-3.434],[0,-7.063]],"o":[[-2.783,3.5],[-4.948,0],[-2.767,-3.532],[0,-7.063],[2.75,-3.434],[4.915,0],[2.766,3.435],[0,6.902]],"v":[[41.87,-11.646],[30.371,-6.396],[18.799,-11.694],[14.648,-27.246],[18.774,-42.993],[30.371,-48.145],[41.895,-42.993],[46.045,-27.246]],"c":true},"ix":2},"nm":"o","mn":"ADBE Vector Shape - Group","hd":false}],"nm":"o","np":5,"cix":2,"bm":0,"ix":1,"mn":"ADBE Vector Group","hd":false}]},"fFamily":"MS Reference Sans Serif"},{"ch":":","size":12,"style":"Regular","w":45.41,"data":{"shapes":[{"ty":"gr","it":[{"ind":0,"ty":"sh","ix":1,"ks":{"a":0,"k":{"i":[[0,0],[0,0],[0,0],[0,0]],"o":[[0,0],[0,0],[0,0],[0,0]],"v":[[28.564,-54.541],[16.895,-54.541],[16.895,-40.625],[28.564,-40.625]],"c":true},"ix":2},"nm":":","mn":"ADBE Vector Shape - Group","hd":false},{"ind":1,"ty":"sh","ix":2,"ks":{"a":0,"k":{"i":[[0,0],[0,0],[0,0],[0,0]],"o":[[0,0],[0,0],[0,0],[0,0]],"v":[[28.564,-13.916],[16.895,-13.916],[16.895,0],[28.564,0]],"c":true},"ix":2},"nm":":","mn":"ADBE Vector Shape - Group","hd":false}],"nm":":","np":5,"cix":2,"bm":0,"ix":1,"mn":"ADBE Vector Group","hd":false}]},"fFamily":"MS Reference Sans Serif"},{"ch":"v","size":12,"style":"Regular","w":59.18,"data":{"shapes":[{"ty":"gr","it":[{"ind":0,"ty":"sh","ix":1,"ks":{"a":0,"k":{"i":[[0,0],[0,0],[0,0],[0,0],[0,0],[0,0],[0,0]],"o":[[0,0],[0,0],[0,0],[0,0],[0,0],[0,0],[0,0]],"v":[[46.582,-54.541],[29.834,-11.133],[12.939,-54.541],[2.979,-54.541],[24.902,0],[34.131,0],[56.201,-54.541]],"c":true},"ix":2},"nm":"v","mn":"ADBE Vector Shape - Group","hd":false}],"nm":"v","np":3,"cix":2,"bm":0,"ix":1,"mn":"ADBE Vector Group","hd":false}]},"fFamily":"MS Reference Sans Serif"},{"ch":"k","size":12,"style":"Regular","w":59.18,"data":{"shapes":[{"ty":"gr","it":[{"ind":0,"ty":"sh","ix":1,"ks":{"a":0,"k":{"i":[[0,0],[0,0],[0,0],[0,0],[0,0],[0,0],[0,0],[0,0],[0,0],[0,0],[0,0],[0,0]],"o":[[0,0],[0,0],[0,0],[0,0],[0,0],[0,0],[0,0],[0,0],[0,0],[0,0],[0,0],[0,0]],"v":[[31.348,-29.346],[56.689,-54.541],[45.117,-54.541],[18.604,-27.246],[18.604,-75.977],[9.424,-75.977],[9.424,0],[18.604,0],[18.604,-18.213],[24.561,-23.877],[46.436,0],[58.545,0]],"c":true},"ix":2},"nm":"k","mn":"ADBE Vector Shape - Group","hd":false}],"nm":"k","np":3,"cix":2,"bm":0,"ix":1,"mn":"ADBE Vector Group","hd":false}]},"fFamily":"MS Reference Sans Serif"},{"ch":"y","size":12,"style":"Regular","w":59.18,"data":{"shapes":[{"ty":"gr","it":[{"ind":0,"ty":"sh","ix":1,"ks":{"a":0,"k":{"i":[[0,0],[0,0],[0,0],[0,0],[0,0],[0,0],[0,0],[0,0]],"o":[[0,0],[0,0],[0,0],[0,0],[0,0],[0,0],[0,0],[0,0]],"v":[[46.582,-54.541],[29.688,-14.111],[12.939,-54.541],[2.979,-54.541],[24.707,-2.637],[14.551,20.117],[24.365,20.117],[56.201,-54.541]],"c":true},"ix":2},"nm":"y","mn":"ADBE Vector Shape - Group","hd":false}],"nm":"y","np":3,"cix":2,"bm":0,"ix":1,"mn":"ADBE Vector Group","hd":false}]},"fFamily":"MS Reference Sans Serif"},{"ch":"m","size":12,"style":"Regular","w":97.27,"data":{"shapes":[{"ty":"gr","it":[{"ind":0,"ty":"sh","ix":1,"ks":{"a":0,"k":{"i":[[0,0],[2.848,3.63],[5.989,0],[3.059,-1.383],[3.711,-3.125],[2.588,1.563],[3.711,0],[2.848,-1.334],[2.864,-2.376],[0,0],[0,0],[0,0],[0,0],[0,0],[-2.523,1.237],[-2.507,0],[-1.4,-0.7],[-0.749,-1.399],[-0.212,-2.164],[0,-2.409],[0,0],[0,0],[0,0],[0.065,0.993],[0.098,0.749],[-2.572,1.286],[-2.572,0],[-1.4,-0.716],[-0.749,-1.399],[-0.212,-2.18],[0,-2.344],[0,0],[0,0]],"o":[[0,-6.51],[-2.849,-3.629],[-3.484,0],[-3.06,1.384],[-1.27,-2.766],[-2.588,-1.563],[-3.223,0],[-2.849,1.335],[0,0],[0,0],[0,0],[0,0],[0,0],[2.506,-1.92],[2.522,-1.237],[2.637,0],[1.399,0.7],[0.684,1.302],[0.211,2.165],[0,0],[0,0],[0,0],[0,-0.977],[-0.066,-0.993],[2.571,-1.985],[2.571,-1.286],[2.637,0],[1.399,0.716],[0.684,1.302],[0.211,2.181],[0,0],[0,0],[0,0]],"v":[[88.623,-35.4],[84.351,-50.61],[71.094,-56.055],[61.279,-53.979],[51.123,-47.217],[45.337,-53.711],[35.889,-56.055],[26.782,-54.053],[18.213,-48.486],[18.213,-54.541],[9.033,-54.541],[9.033,0],[18.213,0],[18.213,-40.723],[25.757,-45.459],[33.301,-47.314],[39.355,-46.265],[42.578,-43.115],[43.921,-37.915],[44.238,-31.055],[44.238,0],[53.418,0],[53.418,-34.912],[53.32,-37.866],[53.076,-40.479],[60.791,-45.386],[68.506,-47.314],[74.561,-46.24],[77.783,-43.066],[79.126,-37.842],[79.443,-31.055],[79.443,0],[88.623,0]],"c":true},"ix":2},"nm":"m","mn":"ADBE Vector Shape - Group","hd":false}],"nm":"m","np":3,"cix":2,"bm":0,"ix":1,"mn":"ADBE Vector Group","hd":false}]},"fFamily":"MS Reference Sans Serif"},{"ch":"@","size":12,"style":"Regular","w":100,"data":{"shapes":[{"ty":"gr","it":[{"ind":0,"ty":"sh","ix":1,"ks":{"a":0,"k":{"i":[[1.839,5.127],[3.45,3.646],[5.013,2.019],[6.38,0],[5.176,-2.18],[3.776,-3.809],[2.18,-5.192],[0,-6.022],[-2.084,-5.241],[-3.744,-3.743],[-5.176,-2.068],[-6.055,0],[-2.734,0.244],[-3.158,0.684],[0,0],[2.979,-0.359],[2.799,0],[4.329,1.676],[3.223,3.288],[1.692,4.443],[0,5.371],[-1.775,4.443],[-3.125,3.191],[-4.314,1.888],[-5.209,0],[-4.232,-1.676],[-2.865,-3.125],[-1.482,-4.362],[0,-5.338],[0.7,-3.662],[1.367,-2.441],[0,0],[0,0],[0,0],[0,0],[1.823,0.537],[2.376,0],[4.004,-4.395],[0,-7.389],[-3.271,-4.134],[-5.469,0],[-2.214,1.042],[-2.409,1.953],[0,0],[0,0],[-1.318,4.232],[0,4.525]],"o":[[-1.839,-5.127],[-3.451,-3.645],[-5.013,-2.018],[-5.892,0],[-5.176,2.181],[-3.777,3.809],[-2.181,5.193],[0,6.348],[2.083,5.241],[3.711,3.711],[5.176,2.067],[2.897,0],[2.734,-0.244],[0,0],[-2.734,0.781],[-2.979,0.358],[-5.111,0],[-4.33,-1.677],[-3.093,-3.157],[-1.693,-4.443],[0,-5.013],[1.774,-4.443],[3.092,-3.19],[4.313,-1.888],[5.371,0],[4.231,1.677],[2.864,3.125],[1.481,4.362],[0,2.898],[-0.7,3.662],[0,0],[0,0],[0,0],[0,0],[-2.116,-1.074],[-1.823,-0.537],[-5.566,0],[-4.004,4.395],[0,7.422],[3.271,4.134],[2.864,0],[2.213,-1.041],[0,0],[0,0],[2.441,-3.483],[1.318,-4.231],[0,-6.282]],"v":[[88.55,-49.487],[80.615,-62.646],[67.92,-71.143],[50.83,-74.17],[34.229,-70.898],[20.801,-61.914],[11.865,-48.413],[8.594,-31.592],[11.719,-14.209],[20.459,-0.732],[33.789,7.935],[50.635,11.035],[59.082,10.669],[67.92,9.277],[67.92,2.344],[59.351,4.053],[50.684,4.59],[36.523,2.075],[25.195,-5.371],[18.018,-16.772],[15.479,-31.494],[18.14,-45.679],[25.488,-57.129],[36.597,-64.746],[50.879,-67.578],[65.283,-65.063],[75.928,-57.861],[82.446,-46.631],[84.668,-32.08],[83.618,-22.241],[80.518,-13.086],[68.652,-13.086],[68.652,-54.199],[60.889,-54.199],[60.889,-51.855],[54.98,-54.272],[48.682,-55.078],[34.326,-48.486],[28.32,-30.811],[33.228,-13.477],[46.338,-7.275],[53.955,-8.838],[60.889,-13.33],[62.207,-7.666],[83.691,-7.666],[89.331,-19.238],[91.309,-32.373]],"c":true},"ix":2},"nm":"@","mn":"ADBE Vector Shape - Group","hd":false},{"ind":1,"ty":"sh","ix":2,"ks":{"a":0,"k":{"i":[[2.18,-1.009],[2.18,0],[1.888,2.718],[0,5.306],[-2.377,2.93],[-4.199,0],[-1.628,-0.407],[-2.051,-0.944],[0,0]],"o":[[-2.181,1.009],[-4.004,0],[-1.888,-2.718],[0,-5.403],[2.376,-2.93],[1.855,0],[1.627,0.407],[0,0],[-1.791,1.367]],"v":[[54.834,-16.357],[48.291,-14.844],[39.453,-18.921],[36.621,-30.957],[40.186,-43.457],[50.049,-47.852],[55.273,-47.241],[60.791,-45.215],[60.791,-19.922]],"c":true},"ix":2},"nm":"@","mn":"ADBE Vector Shape - Group","hd":false}],"nm":"@","np":5,"cix":2,"bm":0,"ix":1,"mn":"ADBE Vector Group","hd":false}]},"fFamily":"MS Reference Sans Serif"},{"ch":"g","size":12,"style":"Regular","w":62.3,"data":{"shapes":[{"ty":"gr","it":[{"ind":0,"ty":"sh","ix":1,"ks":{"a":0,"k":{"i":[[0,0],[0,0],[0,0],[2.132,0.635],[3.157,0],[3.027,-1.286],[2.116,-2.311],[1.318,-3.401],[0,-4.688],[-3.825,-4.704],[-6.511,0],[-2.523,1.091],[-2.767,2.214],[0,0],[0.488,-1.791],[1.139,-1.27],[2.051,-0.749],[3.125,0],[3.255,0.862],[1.497,0.586],[0,0],[0,0],[-2.751,-0.407],[-2.898,0],[-4.199,4.329],[0,9.245]],"o":[[0,0],[0,0],[-2.377,-1.302],[-2.132,-0.635],[-2.995,0],[-3.027,1.286],[-2.279,2.474],[-1.318,3.402],[0,8.562],[3.825,4.704],[3.906,0],[2.522,-1.09],[0,0],[0,2.214],[-0.488,1.79],[-1.14,1.334],[-2.051,0.748],[-3.255,0],[-3.255,-0.863],[0,0],[0,0],[2.669,0.748],[2.75,0.407],[8.723,0],[4.199,-4.33],[0,0]],"v":[[53.271,-54.541],[44.678,-54.541],[44.092,-52.197],[37.329,-55.103],[29.395,-56.055],[20.361,-54.126],[12.646,-48.73],[7.251,-39.917],[5.273,-27.783],[11.011,-7.886],[26.514,-0.83],[36.157,-2.466],[44.092,-7.422],[44.092,-2.441],[43.359,3.564],[40.918,8.154],[36.133,11.279],[28.369,12.402],[18.604,11.108],[11.475,8.936],[10.986,8.936],[10.986,18.311],[19.116,20.044],[27.588,20.654],[46.973,14.16],[53.271,-6.201]],"c":true},"ix":2},"nm":"g","mn":"ADBE Vector Shape - Group","hd":false},{"ind":1,"ty":"sh","ix":2,"ks":{"a":0,"k":{"i":[[2.686,-1.025],[2.669,0],[2.148,3.158],[0,6.12],[-2.898,3.386],[-5.046,0],[-2.1,-0.471],[-2.441,-1.106],[0,0]],"o":[[-2.686,1.025],[-4.98,0],[-2.148,-3.157],[0,-6.445],[2.897,-3.385],[2.083,0],[2.1,0.472],[0,0],[-2.246,1.726]],"v":[[36.694,-10.864],[28.662,-9.326],[17.969,-14.063],[14.746,-27.979],[19.092,-42.725],[31.006,-47.803],[37.28,-47.095],[44.092,-44.727],[44.092,-14.99]],"c":true},"ix":2},"nm":"g","mn":"ADBE Vector Shape - Group","hd":false}],"nm":"g","np":5,"cix":2,"bm":0,"ix":1,"mn":"ADBE Vector Group","hd":false}]},"fFamily":"MS Reference Sans Serif"},{"ch":".","size":12,"style":"Regular","w":36.38,"data":{"shapes":[{"ty":"gr","it":[{"ind":0,"ty":"sh","ix":1,"ks":{"a":0,"k":{"i":[[0,0],[0,0],[0,0],[0,0]],"o":[[0,0],[0,0],[0,0],[0,0]],"v":[[24.023,-13.916],[12.354,-13.916],[12.354,0],[24.023,0]],"c":true},"ix":2},"nm":".","mn":"ADBE Vector Shape - Group","hd":false}],"nm":".","np":3,"cix":2,"bm":0,"ix":1,"mn":"ADBE Vector Group","hd":false}]},"fFamily":"MS Reference Sans Serif"}]}