{"v":"5.5.8","fr":29.9700012207031,"ip":0,"op":900.000036657751,"w":304,"h":256,"nm":"Comp 1","ddd":0,"assets":[{"id":"image_0","w":173,"h":175,"u":"images/","p":"img_0.png","e":0}],"fonts":{"list":[{"fName":"ClickerScript-Regular","fFamily":"Clicker Script","fStyle":"Regular","ascent":64.013671875}]},"layers":[{"ddd":0,"ind":1,"ty":2,"nm":"person.png","cl":"png","refId":"image_0","sr":1,"ks":{"o":{"a":1,"k":[{"i":{"x":[0.833],"y":[0.833]},"o":{"x":[0.167],"y":[0.167]},"t":110,"s":[100]},{"t":120.0000048877,"s":[0]}],"ix":11},"r":{"a":1,"k":[{"i":{"x":[0.833],"y":[0.833]},"o":{"x":[0.167],"y":[0.167]},"t":90,"s":[0]},{"i":{"x":[0.833],"y":[0.833]},"o":{"x":[0.167],"y":[0.167]},"t":100,"s":[138]},{"i":{"x":[0.833],"y":[0.833]},"o":{"x":[0.167],"y":[0.167]},"t":110,"s":[227]},{"t":120.0000048877,"s":[360]}],"ix":10},"p":{"a":0,"k":[152,120,0],"ix":2},"a":{"a":0,"k":[86.5,87.5,0],"ix":1},"s":{"a":0,"k":[27,27,100],"ix":6}},"ao":0,"ip":0,"op":900.000036657751,"st":0,"bm":0},{"ddd":0,"ind":2,"ty":4,"nm":"Capa de formas 1","sr":1,"ks":{"o":{"a":0,"k":100,"ix":11},"r":{"a":0,"k":0,"ix":10},"p":{"a":0,"k":[151,123,0],"ix":2},"a":{"a":0,"k":[0,0,0],"ix":1},"s":{"a":0,"k":[74,76,100],"ix":6}},"ao":0,"shapes":[{"d":1,"ty":"el","s":{"a":0,"k":[100,100],"ix":2},"p":{"a":0,"k":[0,0],"ix":3},"nm":"Trazado elíptico 1","mn":"ADBE Vector Shape - Ellipse","hd":false},{"ty":"st","c":{"a":0,"k":[1,0.596078455448,0,1],"ix":3},"o":{"a":0,"k":100,"ix":4},"w":{"a":0,"k":8,"ix":5},"lc":1,"lj":1,"ml":4,"bm":0,"nm":"Trazo 1","mn":"ADBE Vector Graphic - Stroke","hd":false}],"ip":0,"op":900.000036657751,"st":0,"bm":0},{"ddd":0,"ind":3,"ty":5,"nm":"$","sr":1,"ks":{"o":{"a":1,"k":[{"i":{"x":[0.833],"y":[0.833]},"o":{"x":[0.167],"y":[0.167]},"t":0,"s":[0]},{"i":{"x":[0.833],"y":[0.833]},"o":{"x":[0.167],"y":[0.167]},"t":110,"s":[0]},{"t":120.0000048877,"s":[100]}],"ix":11},"r":{"a":1,"k":[{"i":{"x":[0.833],"y":[0.833]},"o":{"x":[0.167],"y":[0.167]},"t":120,"s":[0]},{"i":{"x":[0.833],"y":[0.833]},"o":{"x":[0.167],"y":[0.167]},"t":130,"s":[-120]},{"i":{"x":[0.833],"y":[0.833]},"o":{"x":[0.167],"y":[0.167]},"t":140,"s":[-240]},{"t":150.000006109625,"s":[-360]}],"ix":10},"p":{"a":0,"k":[151,123,0],"ix":2},"a":{"a":0,"k":[17,-21,0],"ix":1},"s":{"a":0,"k":[100,100,100],"ix":6}},"ao":0,"t":{"d":{"k":[{"s":{"s":80,"f":"ClickerScript-Regular","t":"$","j":0,"tr":0,"lh":96,"ls":0,"fc":[1,0.596,0]},"t":0}]},"p":{},"m":{"g":1,"a":{"a":0,"k":[0,0],"ix":2}},"a":[]},"ip":0,"op":900.000036657751,"st":0,"bm":0},{"ddd":0,"ind":4,"ty":5,"nm":"Precio","sr":1,"ks":{"o":{"a":1,"k":[{"i":{"x":[0.833],"y":[0.833]},"o":{"x":[0.167],"y":[0.167]},"t":0,"s":[0]},{"i":{"x":[0.833],"y":[0.833]},"o":{"x":[0.167],"y":[0.167]},"t":30,"s":[50]},{"t":50.0000020365418,"s":[100]}],"ix":11},"r":{"a":0,"k":0,"ix":10},"p":{"a":1,"k":[{"i":{"x":0.833,"y":0.833},"o":{"x":0.167,"y":0.167},"t":0,"s":[139.284,117.016,0],"to":[3.772,0,0],"ti":[-9.285,0,0]},{"t":30.0000012219251,"s":[216.681,117.016,0]}],"ix":2},"a":{"a":0,"k":[28.284,-13.984,0],"ix":1},"s":{"a":0,"k":[100,100,100],"ix":6}},"ao":0,"t":{"d":{"k":[{"s":{"s":40,"f":"ClickerScript-Regular","t":"Precio","j":0,"tr":0,"lh":48,"ls":0,"fc":[1,1,1],"sc":[1,0.596,0],"sw":1,"of":true},"t":0}]},"p":{},"m":{"g":1,"a":{"a":0,"k":[0,0],"ix":2}},"a":[{"nm":"Animación 1","s":{"t":0,"xe":{"a":0,"k":0,"ix":7},"ne":{"a":0,"k":0,"ix":8},"a":{"a":0,"k":100,"ix":4},"b":1,"rn":0,"sh":1,"r":1},"a":{"sk":{"a":1,"k":[{"i":{"x":[0.833],"y":[0.833]},"o":{"x":[0.167],"y":[0.167]},"t":0,"s":[-50]},{"i":{"x":[0.833],"y":[0.833]},"o":{"x":[0.167],"y":[0.167]},"t":30,"s":[-50]},{"t":50.0000020365418,"s":[0]}],"ix":4},"sa":{"a":0,"k":0,"ix":5}}}]},"ip":0,"op":900.000036657751,"st":0,"bm":0},{"ddd":0,"ind":5,"ty":5,"nm":"Mejor ","sr":1,"ks":{"o":{"a":1,"k":[{"i":{"x":[0.833],"y":[0.833]},"o":{"x":[0.167],"y":[0.167]},"t":0,"s":[0]},{"i":{"x":[0.833],"y":[0.833]},"o":{"x":[0.167],"y":[0.167]},"t":50,"s":[0]},{"i":{"x":[0.833],"y":[0.833]},"o":{"x":[0.167],"y":[0.167]},"t":80,"s":[50]},{"t":100.000004073084,"s":[100]}],"ix":11},"r":{"a":0,"k":0,"ix":10},"p":{"a":1,"k":[{"i":{"x":0.833,"y":0.833},"o":{"x":0.167,"y":0.167},"t":0,"s":[143.385,121.299,0],"to":[0,0,0],"ti":[0,0,0]},{"i":{"x":0.833,"y":0.833},"o":{"x":0.167,"y":0.167},"t":50,"s":[143.385,121.299,0],"to":[-12.833,0,0],"ti":[12.833,0,0]},{"i":{"x":0.833,"y":0.833},"o":{"x":0.167,"y":0.167},"t":80,"s":[66.385,121.299,0],"to":[0,0,0],"ti":[0,0,0]},{"t":100.000004073084,"s":[66.385,121.299,0]}],"ix":2},"a":{"a":0,"k":[36.385,-8.701,0],"ix":1},"s":{"a":0,"k":[100,100,100],"ix":6}},"ao":0,"t":{"d":{"k":[{"s":{"s":40,"f":"ClickerScript-Regular","t":"Mejor","j":0,"tr":0,"lh":48,"ls":0,"fc":[1,1,1],"sc":[1,0.596,0],"sw":1,"of":true},"t":0}]},"p":{},"m":{"g":1,"a":{"a":0,"k":[0,0],"ix":2}},"a":[{"nm":"Animación 1","s":{"t":0,"xe":{"a":0,"k":0,"ix":7},"ne":{"a":0,"k":0,"ix":8},"a":{"a":0,"k":100,"ix":4},"b":1,"rn":0,"sh":1,"r":1},"a":{"sk":{"a":1,"k":[{"i":{"x":[0.833],"y":[0.833]},"o":{"x":[0.167],"y":[0.167]},"t":0,"s":[50]},{"i":{"x":[0.833],"y":[0.833]},"o":{"x":[0.167],"y":[0.167]},"t":50,"s":[50]},{"t":100.000004073084,"s":[0]}],"ix":4},"sa":{"a":0,"k":0,"ix":5}}}]},"ip":0,"op":900.000036657751,"st":0,"bm":0}],"markers":[],"chars":[{"ch":"M","size":40,"style":"Regular","w":66.99,"data":{"shapes":[{"ty":"gr","it":[{"ind":0,"ty":"sh","ix":1,"ks":{"a":0,"k":{"i":[[0,0],[1.871,1.936],[1.27,3.076],[0.651,4.362],[0,5.892],[-0.57,7.732],[-0.652,7.813],[0,0],[0.83,-3.352],[0.716,-2.718],[0.602,-2.148],[0.488,-1.758],[1.318,-3.516],[1.188,-2.164],[0.993,-0.96],[0.716,0],[0.618,0.716],[0.407,1.318],[0.179,1.872],[0,2.279],[-0.017,2.751],[-0.017,2.995],[-0.017,2.946],[-0.017,2.344],[-0.017,1.465],[0,0.066],[0,0],[0.439,-1.92],[0.813,-3.401],[1.155,-4.655],[1.465,-5.469],[1.237,-3.548],[1.237,-3.059],[1.172,-2.522],[0.911,-1.791],[0.569,-0.993],[0,-0.033],[0,0],[-0.554,0.602],[-0.896,1.318],[-1.172,2.132],[-1.286,3.109],[-1.318,4.15],[-1.205,5.371],[-1.172,5.144],[-0.847,3.451],[0.26,-2.506],[0.26,-2.555],[0.244,-2.506],[0.179,-2.229],[0.114,-1.871],[0,-1.302],[-0.375,-1.448],[-0.635,-0.862],[-0.847,-0.358],[-0.945,0],[-1.433,0.945],[-1.237,1.595],[-1.009,2.1],[-0.847,2.328],[-0.684,2.393],[-0.554,2.214],[-0.537,2.148],[-0.521,2.035],[-0.472,1.839],[-0.391,1.563],[0.407,-2.571],[0.439,-2.864],[0.407,-3.027],[0.342,-2.832],[0.195,-2.49],[0,-1.79],[-0.977,-3.336],[-1.465,-2.214],[-1.709,-1.254],[-1.482,-0.635],[-0.993,-0.146],[-0.033,0]],"o":[[-2.474,-1.009],[-1.872,-1.937],[-1.27,-3.076],[-0.652,-4.362],[0,-7.813],[0.569,-7.731],[0,0],[-0.945,4.134],[-0.83,3.353],[-0.716,2.718],[-0.603,2.148],[-1.4,5.144],[-1.318,3.516],[-1.189,2.165],[-0.993,0.961],[-0.879,0],[-0.619,-0.716],[-0.407,-1.318],[-0.179,-1.871],[0,-1.985],[0.016,-2.75],[0.016,-2.995],[0.016,-2.946],[0.016,-2.344],[0.016,-1.465],[0,0],[0,0.033],[-0.439,1.921],[-0.814,3.402],[-1.156,4.655],[-1.009,3.874],[-1.237,3.548],[-1.237,3.06],[-1.172,2.522],[-0.912,1.79],[-0.57,0.993],[0,0],[0,-0.033],[0.553,-0.603],[0.895,-1.318],[1.172,-2.132],[1.286,-3.108],[1.318,-4.15],[1.432,-6.38],[1.172,-5.143],[-0.228,2.279],[-0.261,2.507],[-0.261,2.556],[-0.244,2.507],[-0.179,2.23],[-0.114,1.872],[0,2.214],[0.374,1.449],[0.635,0.863],[0.846,0.359],[1.692,0],[1.432,-0.944],[1.237,-1.595],[1.009,-2.1],[0.846,-2.327],[0.684,-2.393],[0.553,-2.148],[0.537,-2.148],[0.52,-2.034],[0.471,-1.839],[-0.293,1.921],[-0.407,2.572],[-0.439,2.865],[-0.407,3.027],[-0.342,2.832],[-0.195,2.49],[0,4.753],[0.977,3.337],[1.465,2.213],[1.709,1.253],[1.481,0.635],[0.993,0.146],[0,0]],"v":[[69.482,11.084],[62.964,6.665],[58.252,-0.854],[55.371,-12.012],[54.395,-27.393],[55.249,-50.708],[57.08,-74.023],[55.176,-74.316],[52.515,-63.086],[50.195,-53.979],[48.218,-46.68],[46.582,-40.82],[42.505,-27.832],[38.745,-19.312],[35.474,-14.624],[32.91,-13.184],[30.664,-14.258],[29.126,-17.31],[28.247,-22.095],[27.979,-28.32],[28.003,-35.425],[28.052,-44.043],[28.101,-52.954],[28.149,-60.889],[28.198,-66.602],[28.223,-68.896],[26.318,-69.092],[25.659,-66.162],[23.779,-58.179],[20.825,-46.094],[16.895,-30.908],[13.525,-19.775],[9.814,-9.863],[6.201,-1.489],[3.076,4.98],[0.854,9.155],[0,10.693],[1.709,11.621],[2.539,10.669],[4.712,7.788],[7.813,2.612],[11.499,-5.249],[15.405,-16.138],[19.189,-30.42],[23.096,-47.705],[26.123,-60.596],[25.391,-53.418],[24.609,-45.825],[23.853,-38.232],[23.218,-31.128],[22.778,-24.976],[22.607,-20.215],[23.169,-14.722],[24.683,-11.255],[26.904,-9.424],[29.59,-8.887],[34.277,-10.303],[38.281,-14.111],[41.65,-19.653],[44.434,-26.294],[46.729,-33.374],[48.584,-40.283],[50.22,-46.729],[51.807,-53.003],[53.296,-58.813],[54.59,-63.916],[53.54,-57.178],[52.271,-49.023],[51.001,-40.186],[49.878,-31.396],[49.072,-23.413],[48.779,-16.992],[50.244,-4.858],[53.906,3.467],[58.667,8.667],[63.452,11.499],[67.163,12.671],[68.701,12.891]],"c":true},"ix":2},"nm":"M","mn":"ADBE Vector Shape - Group","hd":false}],"nm":"M","np":3,"cix":2,"bm":0,"ix":1,"mn":"ADBE Vector Group","hd":false}]},"fFamily":"Clicker Script"},{"ch":"e","size":40,"style":"Regular","w":27.98,"data":{"shapes":[{"ty":"gr","it":[{"ind":0,"ty":"sh","ix":1,"ks":{"a":0,"k":{"i":[[-1.611,0.83],[-1.27,1.318],[-1.009,1.677],[-0.749,1.677],[-0.57,1.53],[-0.423,1.074],[0,0],[0.537,-1.481],[0.684,-1.546],[0.862,-1.497],[1.041,-1.155],[1.237,-0.716],[1.465,0],[1.09,0.456],[0.879,0.945],[0.586,1.465],[0.195,2.019],[-0.668,-0.081],[-0.749,0],[-1.449,0.586],[-1.123,1.058],[-0.684,1.482],[0,1.823],[1.188,1.335],[2.018,0],[1.627,-0.83],[1.318,-1.579],[0.846,-2.295],[0,-2.93],[-0.684,-1.79],[-1.156,-1.188],[-1.53,-0.586],[-1.66,0]],"o":[[1.611,-0.83],[1.27,-1.318],[1.009,-1.676],[0.748,-1.676],[0.569,-1.53],[0,0],[-0.423,1.14],[-0.537,1.482],[-0.684,1.546],[-0.863,1.498],[-1.042,1.156],[-1.237,0.716],[-1.172,0],[-1.091,-0.455],[-0.879,-0.944],[-0.586,-1.465],[0.52,0.098],[0.667,0.082],[1.563,0],[1.448,-0.586],[1.123,-1.057],[0.684,-1.481],[0,-2.116],[-1.189,-1.334],[-1.563,0],[-1.628,0.83],[-1.318,1.579],[-0.847,2.295],[0,2.409],[0.684,1.791],[1.155,1.189],[1.53,0.586],[1.985,0]],"v":[[20.679,-1.929],[25,-5.151],[28.418,-9.644],[31.055,-14.673],[33.032,-19.482],[34.521,-23.389],[32.617,-23.877],[31.177,-19.946],[29.346,-15.405],[27.026,-10.84],[24.17,-6.86],[20.752,-4.053],[16.699,-2.979],[13.306,-3.662],[10.352,-5.762],[8.154,-9.375],[6.982,-14.6],[8.765,-14.331],[10.889,-14.209],[15.405,-15.088],[19.263,-17.554],[21.973,-21.362],[22.998,-26.318],[21.216,-31.494],[16.406,-33.496],[11.621,-32.251],[7.202,-28.638],[3.955,-22.827],[2.686,-14.99],[3.711,-8.691],[6.47,-4.224],[10.498,-1.563],[15.283,-0.684]],"c":true},"ix":2},"nm":"e","mn":"ADBE Vector Shape - Group","hd":false},{"ind":1,"ty":"sh","ix":2,"ks":{"a":0,"k":{"i":[[-0.57,-0.293],[-0.391,-0.488],[-0.195,-0.651],[0,-0.716],[0.569,-1.237],[0.928,-0.895],[1.155,-0.504],[1.172,0],[0.764,0.114],[0.423,0.163],[-0.57,1.823],[-0.912,1.335],[-1.156,0.765],[-1.205,0]],"o":[[0.569,0.293],[0.391,0.488],[0.195,0.652],[0,1.465],[-0.57,1.237],[-0.928,0.896],[-1.156,0.505],[-1.107,0],[-0.765,-0.114],[0,-2.083],[0.569,-1.823],[0.911,-1.334],[1.155,-0.764],[0.748,0]],"v":[[18.481,-31.152],[19.922,-29.98],[20.801,-28.271],[21.094,-26.221],[20.239,-22.168],[17.993,-18.97],[14.868,-16.87],[11.377,-16.113],[8.569,-16.284],[6.787,-16.699],[7.642,-22.559],[9.863,-27.295],[12.964,-30.444],[16.504,-31.592]],"c":true},"ix":2},"nm":"e","mn":"ADBE Vector Shape - Group","hd":false}],"nm":"e","np":5,"cix":2,"bm":0,"ix":1,"mn":"ADBE Vector Group","hd":false}]},"fFamily":"Clicker Script"},{"ch":"j","size":40,"style":"Regular","w":16.99,"data":{"shapes":[{"ty":"gr","it":[{"ind":0,"ty":"sh","ix":1,"ks":{"a":0,"k":{"i":[[0,0],[0.439,-1.497],[0.407,-1.546],[0.358,-1.79],[0.293,-2.36],[0.244,-3.125],[0.195,-4.232],[0.342,-0.228],[0.359,-0.195],[1.611,-1.074],[1.221,-1.302],[0.716,-1.611],[0,-2.051],[-0.391,-0.945],[-0.684,-0.652],[-0.895,-0.359],[-1.009,0],[-1.416,0.895],[-1.221,1.936],[-0.879,3.076],[-0.163,4.395],[0,0],[-1.66,2.051],[-1.546,2.393],[-1.351,2.654],[-1.042,2.8],[0,0],[1.188,-2.36],[1.367,-2.132],[1.465,-1.871],[1.465,-1.465],[-0.342,4.118],[-0.326,2.93],[-0.277,1.742],[-0.066,0.521]],"o":[[-0.521,1.758],[-0.439,1.498],[-0.407,1.546],[-0.359,1.791],[-0.293,2.361],[-0.244,3.125],[-0.359,0.26],[-0.342,0.227],[-1.79,0.977],[-1.611,1.074],[-1.221,1.302],[-0.716,1.611],[0,1.172],[0.391,0.944],[0.684,0.651],[0.896,0.358],[1.205,0],[1.416,-0.896],[1.221,-1.937],[0.879,-3.076],[0,0],[1.627,-1.595],[1.66,-2.051],[1.546,-2.393],[1.35,-2.653],[0,0],[-0.879,2.474],[-1.189,2.361],[-1.367,2.132],[-1.465,1.872],[0.227,-5.305],[0.342,-4.118],[0.325,-2.93],[0.276,-1.741],[0,0]],"v":[[7.52,-34.619],[6.079,-29.736],[4.81,-25.171],[3.662,-20.166],[2.686,-13.94],[1.88,-5.713],[1.221,5.322],[0.171,6.055],[-0.879,6.689],[-5.981,9.766],[-10.229,13.33],[-13.135,17.7],[-14.209,23.193],[-13.623,26.367],[-12.012,28.76],[-9.644,30.273],[-6.787,30.811],[-2.856,29.468],[1.099,25.22],[4.248,17.7],[5.811,6.494],[5.811,4.492],[10.742,-0.977],[15.552,-7.642],[19.897,-15.21],[23.486,-23.389],[21.582,-23.877],[18.481,-16.626],[14.648,-9.888],[10.4,-3.882],[6.006,1.123],[6.86,-13.013],[7.861,-23.584],[8.765,-30.591],[9.277,-33.984]],"c":true},"ix":2},"nm":"j","mn":"ADBE Vector Shape - Group","hd":false},{"ind":1,"ty":"sh","ix":2,"ks":{"a":0,"k":{"i":[[1.254,-1.563],[1.433,0],[0.521,0.276],[0.375,0.439],[0.212,0.553],[0,0.586],[-0.52,1.318],[-0.944,1.155],[-1.334,1.025],[-1.627,0.944],[-0.309,0.211],[-0.359,0.26],[0,0],[0.163,-1.693],[0.358,-1.237]],"o":[[-1.253,1.563],[-0.651,0],[-0.52,-0.277],[-0.374,-0.439],[-0.211,-0.554],[0,-1.53],[0.521,-1.318],[0.945,-1.156],[1.335,-1.025],[0.293,-0.195],[0.309,-0.212],[0,0],[-0.066,2.051],[-0.163,1.692],[-0.944,3.223]],"v":[[-3.296,26.465],[-7.324,28.809],[-9.082,28.394],[-10.425,27.319],[-11.304,25.83],[-11.621,24.121],[-10.84,19.849],[-8.643,16.138],[-5.225,12.866],[-0.781,9.912],[0.122,9.302],[1.123,8.594],[1.123,9.277],[0.781,14.893],[0,19.287]],"c":true},"ix":2},"nm":"j","mn":"ADBE Vector Shape - Group","hd":false},{"ind":2,"ty":"sh","ix":3,"ks":{"a":0,"k":{"i":[[0.227,0.472],[0.455,0.391],[0.651,0.244],[0.813,0],[0.862,-0.684],[0,-1.106],[-0.244,-0.471],[-0.439,-0.342],[-0.603,-0.211],[-0.716,0],[-0.879,0.619],[0,1.14]],"o":[[-0.228,-0.471],[-0.456,-0.391],[-0.652,-0.244],[-1.14,0],[-0.863,0.684],[0,0.521],[0.244,0.472],[0.439,0.342],[0.602,0.212],[1.302,0],[0.879,-0.618],[0,-0.455]],"v":[[15.869,-51.978],[14.844,-53.271],[13.184,-54.224],[10.986,-54.59],[7.983,-53.564],[6.689,-50.879],[7.056,-49.39],[8.081,-48.169],[9.644,-47.339],[11.621,-47.021],[14.893,-47.949],[16.211,-50.586]],"c":true},"ix":2},"nm":"j","mn":"ADBE Vector Shape - Group","hd":false},{"ind":3,"ty":"sh","ix":4,"ks":{"a":0,"k":{"i":[[0.26,-0.211],[0.488,0],[0.309,0.244],[0,0.359],[-1.009,0],[-0.293,-0.276],[0,-0.325]],"o":[[-0.261,0.212],[-0.521,0],[-0.31,-0.244],[0,-0.748],[0.553,0],[0.293,0.277],[0,0.293]],"v":[[13.232,-49.829],[12.109,-49.512],[10.864,-49.878],[10.4,-50.781],[11.914,-51.904],[13.184,-51.489],[13.623,-50.586]],"c":true},"ix":2},"nm":"j","mn":"ADBE Vector Shape - Group","hd":false}],"nm":"j","np":7,"cix":2,"bm":0,"ix":1,"mn":"ADBE Vector Group","hd":false}]},"fFamily":"Clicker Script"},{"ch":"o","size":40,"style":"Regular","w":33.69,"data":{"shapes":[{"ty":"gr","it":[{"ind":0,"ty":"sh","ix":1,"ks":{"a":0,"k":{"i":[[1.302,0.472],[1.041,1.091],[0.667,1.791],[0,2.637],[-0.326,1.351],[-0.554,1.221],[-0.684,1.009],[-0.749,0.684],[0,0],[1.009,-1.286],[0.732,-1.481],[0.407,-1.66],[0,-1.725],[-0.732,-1.904],[-1.189,-1.253],[-1.482,-0.602],[-1.465,0],[-1.416,0.603],[-1.074,1.042],[-0.749,1.4],[-0.456,1.595],[-1.123,0.472],[-1.025,0.879],[-0.896,1.302],[-0.684,1.855],[0,0],[0.586,-1.057],[0.764,-0.83],[0.993,-0.586],[1.27,-0.227],[-0.098,1.091],[0,1.107],[0.569,1.937],[0.911,1.14],[1.139,0.472],[1.172,0],[1.041,-0.586],[0.651,-0.928],[0.309,-1.172],[0,-1.139],[-0.716,-1.709],[-1.254,-1.221],[-1.709,-0.684],[-2.019,0],[0,0],[1.676,-1.334],[1.823,0]],"o":[[-1.302,-0.471],[-1.042,-1.09],[-0.668,-1.79],[0,-1.334],[0.325,-1.35],[0.553,-1.221],[0.684,-1.009],[0,0],[-1.172,0.945],[-1.009,1.286],[-0.732,1.482],[-0.407,1.66],[0,2.637],[0.732,1.904],[1.188,1.254],[1.481,0.603],[1.758,0],[1.416,-0.602],[1.074,-1.041],[0.748,-1.399],[1.204,-0.163],[1.123,-0.471],[1.025,-0.879],[0.895,-1.302],[0,0],[-0.488,1.205],[-0.586,1.058],[-0.765,0.83],[-0.993,0.586],[0.26,-1.041],[0.098,-1.09],[0,-2.962],[-0.57,-1.936],[-0.912,-1.139],[-1.14,-0.471],[-1.433,0],[-1.042,0.586],[-0.652,0.928],[-0.31,1.172],[0,2.051],[0.716,1.709],[1.253,1.221],[1.709,0.684],[0,0],[-0.945,2.539],[-1.677,1.335],[-1.237,0]],"v":[[12.988,-5.103],[9.473,-7.446],[6.909,-11.768],[5.908,-18.408],[6.396,-22.437],[7.715,-26.294],[9.57,-29.639],[11.719,-32.178],[10.986,-33.398],[7.715,-30.054],[5.103,-25.903],[3.394,-21.191],[2.783,-16.113],[3.882,-9.302],[6.763,-4.565],[10.767,-1.782],[15.186,-0.879],[19.946,-1.782],[23.682,-4.248],[26.416,-7.91],[28.223,-12.402],[31.714,-13.354],[34.937,-15.381],[37.817,-18.652],[40.186,-23.389],[38.281,-23.877],[36.67,-20.483],[34.644,-17.651],[32.007,-15.527],[28.613,-14.307],[29.15,-17.505],[29.297,-20.801],[28.442,-28.149],[26.221,-32.764],[23.145,-35.181],[19.678,-35.889],[15.967,-35.01],[13.428,-32.739],[11.987,-29.59],[11.523,-26.123],[12.598,-20.483],[15.552,-16.089],[19.995,-13.232],[25.586,-12.207],[25.977,-12.207],[22.046,-6.396],[16.797,-4.395]],"c":true},"ix":2},"nm":"o","mn":"ADBE Vector Shape - Group","hd":false},{"ind":1,"ty":"sh","ix":2,"ks":{"a":0,"k":{"i":[[-0.928,-0.423],[-0.684,-1.009],[-0.439,-1.676],[-0.066,-2.506],[0.098,-1.106],[0.26,-1.009],[0,0],[1.497,0.57],[1.123,1.074],[0.651,1.53],[0,1.921],[-0.326,0.912],[-0.554,0.652],[-0.749,0.375],[-0.879,0]],"o":[[0.928,0.423],[0.684,1.009],[0.439,1.677],[0,1.302],[-0.098,1.107],[0,0],[-1.726,0],[-1.498,-0.569],[-1.123,-1.074],[-0.652,-1.53],[0,-1.106],[0.325,-0.911],[0.553,-0.651],[0.748,-0.374],[1.041,0]],"v":[[22.534,-33.35],[24.951,-31.201],[26.636,-27.173],[27.393,-20.898],[27.246,-17.285],[26.709,-14.111],[25.781,-14.111],[20.947,-14.966],[17.017,-17.432],[14.355,-21.338],[13.379,-26.514],[13.867,-29.541],[15.186,-31.885],[17.139,-33.423],[19.58,-33.984]],"c":true},"ix":2},"nm":"o","mn":"ADBE Vector Shape - Group","hd":false}],"nm":"o","np":5,"cix":2,"bm":0,"ix":1,"mn":"ADBE Vector Group","hd":false}]},"fFamily":"Clicker Script"},{"ch":"r","size":40,"style":"Regular","w":29,"data":{"shapes":[{"ty":"gr","it":[{"ind":0,"ty":"sh","ix":1,"ks":{"a":0,"k":{"i":[[-1.335,0],[-1.172,0.554],[0.358,-0.96],[0.293,-1.025],[0.179,-1.09],[0,-1.009],[-0.521,-1.448],[-0.83,-0.911],[-1.009,-0.423],[-0.945,0],[-1.27,0.603],[-1.205,1.546],[-1.237,2.654],[-1.4,4.134],[0,0],[0.993,-2.229],[0.977,-1.416],[1.009,-0.667],[1.106,0],[1.09,1.498],[0,3.353],[-0.781,2.377],[-1.367,1.986],[-0.098,0.163],[0,0.098],[0.227,0.195],[0.358,0],[0.081,-0.049],[0.163,-0.211],[0.276,-0.423],[0.488,-0.781],[0.944,-0.358],[1.237,0],[0.439,0.114],[0.195,0.163],[-0.098,0.439],[-0.066,0.472],[-0.049,0.456],[0,0.391],[0.13,0.765],[0.227,0.586],[0.342,0.359],[0.391,0],[0.439,-0.928],[0,-1.399],[-0.375,-1.123],[-0.521,-0.748],[0.569,-1.692],[0.748,-1.92],[0,0],[-0.472,0.635],[-0.391,0.7],[-0.326,0.814],[-0.326,1.14]],"o":[[1.367,0],[-0.391,0.781],[-0.359,0.961],[-0.293,1.025],[-0.179,1.091],[0,2.051],[0.52,1.449],[0.83,0.912],[1.009,0.423],[1.497,0],[1.27,-0.602],[1.204,-1.546],[1.237,-2.653],[0,0],[-1.14,3.158],[-0.993,2.23],[-0.977,1.416],[-1.009,0.668],[-2.019,0],[-1.091,-1.497],[0,-2.897],[0.781,-2.376],[0.163,-0.26],[0.098,-0.163],[0,-0.358],[-0.228,-0.195],[-0.13,0],[-0.082,0.049],[-0.163,0.212],[-0.277,0.423],[-0.554,0.554],[-0.945,0.359],[-0.716,0],[-0.439,-0.114],[0.098,-0.293],[0.098,-0.439],[0.065,-0.471],[0.049,-0.455],[0,-0.846],[-0.13,-0.764],[-0.228,-0.586],[-0.342,-0.358],[-0.716,0],[-0.439,0.928],[0,1.563],[0.374,1.123],[-0.456,1.693],[-0.57,1.693],[0,0],[0.586,-0.748],[0.471,-0.635],[0.391,-0.7],[0.325,-0.813],[0.911,0.456]],"v":[[10.791,-25.293],[14.6,-26.123],[13.477,-23.511],[12.5,-20.532],[11.792,-17.358],[11.523,-14.209],[12.305,-8.96],[14.331,-5.42],[17.09,-3.418],[20.02,-2.783],[24.17,-3.687],[27.881,-6.909],[31.543,-13.208],[35.498,-23.389],[33.594,-23.877],[30.396,-15.796],[27.441,-10.327],[24.463,-7.202],[21.289,-6.201],[16.626,-8.447],[14.99,-15.723],[16.162,-23.633],[19.385,-30.176],[19.775,-30.811],[19.922,-31.201],[19.58,-32.031],[18.701,-32.324],[18.384,-32.251],[18.018,-31.86],[17.358,-30.908],[16.211,-29.102],[13.965,-27.734],[10.693,-27.197],[8.96,-27.368],[8.008,-27.783],[8.301,-28.882],[8.545,-30.249],[8.716,-31.641],[8.789,-32.91],[8.594,-35.327],[8.057,-37.354],[7.202,-38.77],[6.104,-39.307],[4.37,-37.915],[3.711,-34.424],[4.272,-30.396],[5.615,-27.588],[4.077,-22.51],[2.1,-17.09],[2.49,-16.699],[4.077,-18.774],[5.371,-20.776],[6.445,-23.047],[7.422,-25.977]],"c":true},"ix":2},"nm":"r","mn":"ADBE Vector Shape - Group","hd":false}],"nm":"r","np":3,"cix":2,"bm":0,"ix":1,"mn":"ADBE Vector Group","hd":false}]},"fFamily":"Clicker Script"},{"ch":"P","size":40,"style":"Regular","w":70.02,"data":{"shapes":[{"ty":"gr","it":[{"ind":0,"ty":"sh","ix":1,"ks":{"a":0,"k":{"i":[[0,0],[0.602,4.07],[0.163,3.679],[0,0],[-3.353,0.554],[-3.093,1.107],[-2.67,1.677],[-1.97,2.23],[-1.123,2.8],[0,3.386],[1.627,3.044],[2.734,2.002],[3.613,0.993],[3.971,0],[3.19,-0.602],[2.815,-0.895],[2.36,-1.057],[1.725,-0.928],[1.025,-0.651],[0.13,-0.065],[0,0],[-2.816,1.433],[-3.076,1.156],[-3.158,0.732],[-2.832,0],[-1.855,-0.179],[-1.97,-0.504],[-1.921,-0.911],[-1.498,-1.497],[-0.928,-2.132],[0,-2.962],[0.993,-2.93],[1.725,-2.246],[2.295,-1.611],[2.604,-1.025],[2.75,-0.488],[2.604,0],[0,0],[0,0],[0,1.009],[-0.066,0.945],[-0.619,0.082],[-0.684,0.066],[0,0],[0.553,-0.081],[0.553,-0.098],[-0.603,3.191],[-0.668,2.377],[-0.619,1.53],[-0.293,0.652],[0,0],[0.455,-0.635],[0.684,-1.204],[0.813,-1.741],[0.764,-2.262],[0.618,-2.75],[0.26,-3.19],[1.074,-1.074],[0,-1.106],[-0.146,-0.455],[-0.439,-0.439],[-0.798,-0.391],[-1.302,-0.26],[-0.505,-2.506],[-0.668,-2.344],[-0.765,-1.953],[-0.749,-1.107]],"o":[[-1.14,-4.459],[-0.603,-4.069],[0,0],[3.32,0],[3.352,-0.553],[3.092,-1.106],[2.669,-1.676],[1.969,-2.229],[1.123,-2.799],[0,-4.134],[-1.628,-3.043],[-2.734,-2.002],[-3.613,-0.993],[-3.386,0],[-3.191,0.603],[-2.816,0.896],[-2.361,1.058],[-1.726,0.928],[-1.025,0.652],[0,0],[2.116,-1.367],[2.815,-1.432],[3.076,-1.155],[3.157,-0.732],[1.399,0],[1.855,0.179],[1.969,0.505],[1.92,0.912],[1.497,1.498],[0.928,2.132],[0,3.646],[-0.993,2.93],[-1.726,2.246],[-2.295,1.611],[-2.605,1.025],[-2.751,0.488],[0,0],[0,0],[0,-1.041],[0,-1.009],[0.586,-0.098],[0.618,-0.081],[0,0],[-0.586,0.066],[-0.554,0.082],[0.26,-3.938],[0.602,-3.19],[0.667,-2.376],[0.618,-1.53],[0,0],[0,0.033],[-0.456,0.635],[-0.684,1.205],[-0.814,1.742],[-0.765,2.263],[-0.619,2.751],[-1.855,0.749],[-1.074,1.074],[0,0.359],[0.146,0.456],[0.439,0.439],[0.797,0.391],[0.26,2.214],[0.504,2.507],[0.667,2.344],[0.764,1.953],[0,0]],"v":[[27.979,4.297],[25.366,-8.496],[24.219,-20.117],[26.904,-20.117],[36.914,-20.947],[46.582,-23.438],[55.225,-27.612],[62.183,-33.472],[66.821,-41.016],[68.506,-50.293],[66.064,-61.06],[59.521,-68.628],[50,-73.12],[38.623,-74.609],[28.76,-73.706],[19.751,-71.46],[11.987,-68.53],[5.859,-65.552],[1.733,-63.184],[0,-62.109],[1.123,-60.498],[8.521,-64.697],[17.358,-68.579],[26.709,-71.411],[35.693,-72.51],[40.576,-72.241],[46.313,-71.216],[52.148,-69.092],[57.275,-65.479],[60.913,-60.034],[62.305,-52.393],[60.815,-42.529],[56.738,-34.766],[50.708,-28.979],[43.359,-25.024],[35.327,-22.754],[27.295,-22.021],[24.121,-22.021],[24.121,-25.195],[24.121,-28.271],[24.219,-31.201],[26.025,-31.47],[27.979,-31.689],[27.783,-33.594],[26.074,-33.374],[24.414,-33.105],[25.708,-43.799],[27.612,-52.148],[29.541,-58.008],[30.908,-61.279],[29.199,-62.109],[28.516,-61.108],[26.807,-58.35],[24.561,-53.931],[22.192,-47.925],[20.117,-40.405],[18.799,-31.494],[14.404,-28.76],[12.793,-25.488],[13.013,-24.268],[13.892,-22.925],[15.747,-21.68],[18.896,-20.703],[20.044,-13.623],[21.802,-6.348],[23.95,0.098],[26.221,4.688]],"c":true},"ix":2},"nm":"P","mn":"ADBE Vector Shape - Group","hd":false},{"ind":1,"ty":"sh","ix":2,"ks":{"a":0,"k":{"i":[[-2.605,1.335],[0,-0.635],[0,-0.651],[0,-0.439],[-0.066,-0.455],[0.569,0.472],[0,0.488]],"o":[[-0.066,0.619],[0,0.635],[0,0.456],[0,0.439],[-1.465,-0.358],[-0.57,-0.471],[0,-1.204]],"v":[[18.701,-29.297],[18.604,-27.417],[18.604,-25.488],[18.604,-24.146],[18.701,-22.803],[15.649,-24.048],[14.795,-25.488]],"c":true},"ix":2},"nm":"P","mn":"ADBE Vector Shape - Group","hd":false}],"nm":"P","np":5,"cix":2,"bm":0,"ix":1,"mn":"ADBE Vector Group","hd":false}]},"fFamily":"Clicker Script"},{"ch":"c","size":40,"style":"Regular","w":31.98,"data":{"shapes":[{"ty":"gr","it":[{"ind":0,"ty":"sh","ix":1,"ks":{"a":0,"k":{"i":[[-0.293,-0.602],[-0.423,-0.374],[-0.488,-0.179],[-0.391,0],[-0.684,0.359],[-0.537,0.716],[-0.31,1.025],[0,1.335],[0.374,0.977],[0.586,0.716],[-0.195,0.163],[-0.195,0.195],[0,0],[0.244,-0.211],[0.26,-0.195],[1.823,0],[1.725,-1.009],[1.432,-1.758],[0.928,-2.409],[0,-2.799],[-0.814,-2.051],[-1.367,-1.35],[-1.807,-0.667],[-2.019,0],[-1.595,0.652],[-1.286,1.107],[-0.993,1.465],[-0.83,1.644],[-0.7,1.693],[-0.652,1.595],[0,0],[1.123,-2.425],[1.302,-1.807],[1.563,-1.025],[1.985,0],[1.465,0.57],[1.106,1.221],[0.635,1.888],[0,2.637],[-0.684,2.132],[-1.025,1.27],[-1.221,0.537],[-1.074,0],[-0.521,-0.146],[-0.456,-0.293],[0.928,-1.432],[0,-1.953]],"o":[[0.293,0.603],[0.423,0.375],[0.488,0.179],[0.748,0],[0.684,-0.358],[0.537,-0.716],[0.309,-1.025],[0,-1.204],[-0.375,-0.977],[0.195,-0.195],[0.195,-0.163],[0,0],[-0.261,0.261],[-0.244,0.212],[-1.433,-0.944],[-1.563,0],[-1.726,1.009],[-1.433,1.758],[-0.928,2.409],[0,2.767],[0.813,2.051],[1.367,1.351],[1.807,0.668],[1.985,0],[1.595,-0.651],[1.286,-1.106],[0.993,-1.465],[0.83,-1.643],[0.7,-1.692],[0,0],[-1.107,2.8],[-1.123,2.425],[-1.302,1.807],[-1.563,1.025],[-1.66,0],[-1.465,-0.569],[-1.107,-1.221],[-0.635,-1.888],[0,-3.19],[0.684,-2.132],[1.025,-1.27],[1.221,-0.537],[0.488,0],[0.52,0.146],[-1.465,1.335],[-0.928,1.433],[0,0.879]],"v":[[16.748,-23.169],[17.822,-21.704],[19.189,-20.874],[20.508,-20.605],[22.656,-21.143],[24.487,-22.754],[25.757,-25.366],[26.221,-28.906],[25.659,-32.178],[24.219,-34.717],[24.805,-35.254],[25.391,-35.791],[24.316,-37.305],[23.56,-36.597],[22.803,-35.986],[17.92,-37.402],[12.988,-35.889],[8.252,-31.738],[4.712,-25.488],[3.32,-17.676],[4.541,-10.449],[7.813,-5.347],[12.573,-2.319],[18.311,-1.318],[23.682,-2.295],[28.003,-4.932],[31.421,-8.789],[34.155,-13.452],[36.45,-18.457],[38.477,-23.389],[36.621,-23.877],[33.276,-16.04],[29.639,-9.692],[25.342,-5.444],[20.02,-3.906],[15.332,-4.761],[11.475,-7.446],[8.862,-12.109],[7.91,-18.896],[8.936,-26.88],[11.499,-31.982],[14.868,-34.692],[18.311,-35.498],[19.824,-35.278],[21.289,-34.619],[17.7,-30.469],[16.309,-25.391]],"c":true},"ix":2},"nm":"c","mn":"ADBE Vector Shape - Group","hd":false},{"ind":1,"ty":"sh","ix":2,"ks":{"a":0,"k":{"i":[[0.114,-0.732],[0.26,-0.667],[0.471,-0.455],[0.716,0],[0.455,0.505],[0,0.912],[-0.863,1.286],[-1.205,1.042],[-0.277,-0.748],[0,-0.944]],"o":[[-0.114,0.732],[-0.261,0.668],[-0.472,0.456],[-0.619,0],[-0.456,-0.504],[0,-1.725],[0.862,-1.286],[0.455,0.554],[0.276,0.749],[0,0.554]],"v":[[24.048,-26.978],[23.486,-24.878],[22.388,-23.193],[20.605,-22.51],[18.994,-23.267],[18.311,-25.391],[19.604,-29.907],[22.705,-33.398],[23.804,-31.445],[24.219,-28.906]],"c":true},"ix":2},"nm":"c","mn":"ADBE Vector Shape - Group","hd":false}],"nm":"c","np":5,"cix":2,"bm":0,"ix":1,"mn":"ADBE Vector Group","hd":false}]},"fFamily":"Clicker Script"},{"ch":"i","size":40,"style":"Regular","w":18.12,"data":{"shapes":[{"ty":"gr","it":[{"ind":0,"ty":"sh","ix":1,"ks":{"a":0,"k":{"i":[[-1.156,0.635],[-0.945,1.025],[-0.749,1.302],[-0.603,1.367],[-0.472,1.286],[-0.359,0.977],[0,0],[0.423,-1.09],[0.537,-1.204],[0.667,-1.188],[0.764,-0.96],[0.846,-0.586],[0.944,0],[0.504,0.195],[0.374,0.537],[0.227,0.961],[0,1.53],[-0.326,1.97],[-0.439,1.807],[-0.439,1.465],[-0.195,0.847],[0,0],[0.895,-3.434],[0,-2.213],[-1.351,-1.66],[-2.051,0]],"o":[[1.155,-0.635],[0.944,-1.025],[0.748,-1.302],[0.602,-1.367],[0.471,-1.286],[0,0],[-0.261,0.781],[-0.423,1.091],[-0.537,1.205],[-0.668,1.189],[-0.765,0.961],[-0.847,0.586],[-0.586,0],[-0.505,-0.195],[-0.375,-0.537],[-0.228,-0.96],[0,-1.823],[0.325,-1.969],[0.439,-1.807],[0.439,-1.465],[0,0],[-2.214,4.33],[-0.896,3.435],[0,3.353],[1.35,1.66],[1.399,0]],"v":[[14.038,-6.03],[17.188,-8.521],[19.727,-12.012],[21.753,-16.016],[23.364,-19.995],[24.609,-23.389],[22.705,-23.877],[21.68,-21.069],[20.239,-17.627],[18.433,-14.038],[16.284,-10.815],[13.867,-8.496],[11.182,-7.617],[9.546,-7.91],[8.228,-9.009],[7.324,-11.255],[6.982,-14.99],[7.471,-20.679],[8.618,-26.343],[9.937,-31.25],[10.889,-34.717],[9.082,-35.205],[4.419,-23.56],[3.076,-15.088],[5.103,-7.568],[10.205,-5.078]],"c":true},"ix":2},"nm":"i","mn":"ADBE Vector Shape - Group","hd":false},{"ind":1,"ty":"sh","ix":2,"ks":{"a":0,"k":{"i":[[0.227,0.472],[0.455,0.391],[0.651,0.244],[0.813,0],[0.862,-0.684],[0,-1.106],[-0.244,-0.471],[-0.439,-0.342],[-0.603,-0.211],[-0.684,0],[-0.879,0.619],[0,1.14]],"o":[[-0.228,-0.471],[-0.456,-0.391],[-0.652,-0.244],[-1.14,0],[-0.863,0.684],[0,0.521],[0.244,0.472],[0.439,0.342],[0.602,0.212],[1.334,0],[0.879,-0.618],[0,-0.455]],"v":[[17.773,-51.978],[16.748,-53.271],[15.088,-54.224],[12.891,-54.59],[9.888,-53.564],[8.594,-50.879],[8.96,-49.39],[9.985,-48.169],[11.548,-47.339],[13.477,-47.021],[16.797,-47.949],[18.115,-50.586]],"c":true},"ix":2},"nm":"i","mn":"ADBE Vector Shape - Group","hd":false},{"ind":2,"ty":"sh","ix":3,"ks":{"a":0,"k":{"i":[[0.244,-0.211],[0.488,0],[0.309,0.244],[0,0.359],[-1.009,0],[-0.277,-0.276],[0,-0.325]],"o":[[-0.244,0.212],[-0.521,0],[-0.31,-0.244],[0,-0.748],[0.553,0],[0.276,0.277],[0,0.293]],"v":[[15.112,-49.829],[14.014,-49.512],[12.769,-49.878],[12.305,-50.781],[13.818,-51.904],[15.063,-51.489],[15.479,-50.586]],"c":true},"ix":2},"nm":"i","mn":"ADBE Vector Shape - Group","hd":false}],"nm":"i","np":6,"cix":2,"bm":0,"ix":1,"mn":"ADBE Vector Group","hd":false}]},"fFamily":"Clicker Script"},{"ch":"$","size":80,"style":"Regular","w":37.89,"data":{"shapes":[{"ty":"gr","it":[{"ind":0,"ty":"sh","ix":1,"ks":{"a":0,"k":{"i":[[0.846,1.384],[1.35,1.058],[1.676,0.798],[1.66,0.814],[-0.033,1.66],[-0.049,1.546],[-0.082,1.514],[-0.066,1.595],[-1.156,-0.391],[-0.749,-0.667],[-0.359,-0.846],[0,-0.911],[0.195,-0.862],[0.276,-0.732],[0.244,-0.553],[0.098,-0.195],[0,0],[-0.31,0.57],[-0.342,0.863],[-0.277,1.074],[0,1.074],[0.488,1.091],[0.928,0.798],[1.35,0.456],[1.758,0.066],[-0.049,1.384],[-0.13,1.595],[0,0],[0.309,-1.35],[0.293,-2.734],[1.383,-0.748],[0.993,-1.188],[0.569,-1.546],[0,-1.79],[-0.554,-1.253],[-0.945,-0.993],[-1.221,-0.764],[-1.367,-0.684],[-0.082,-3.467],[-0.098,-2.441],[0,0],[1.514,0.326],[1.172,0.668],[0.716,1.009],[0,1.367],[-0.277,0.716],[-0.391,0.521],[-0.423,0.359],[-0.293,0.163],[0,0],[0.504,-0.325],[0.618,-0.667],[0.488,-1.009],[0,-1.367],[-0.814,-1.286],[-1.367,-0.83],[-1.791,-0.391],[-1.953,0],[0,0],[-0.082,-1.106],[-0.082,-0.814],[-0.049,-0.554],[-0.033,-0.326],[0,0],[0,3.418],[-1.742,0.765],[-1.286,1.205],[-0.732,1.595],[0,1.953]],"o":[[-0.847,-1.383],[-1.351,-1.057],[-1.677,-0.797],[0,-1.888],[0.032,-1.66],[0.049,-1.546],[0.081,-1.514],[1.563,0.066],[1.155,0.391],[0.748,0.668],[0.358,0.847],[0,0.847],[-0.195,0.863],[-0.277,0.732],[-0.244,0.554],[0,0],[0.032,-0.065],[0.309,-0.569],[0.342,-0.862],[0.276,-1.074],[0,-1.302],[-0.488,-1.09],[-0.928,-0.797],[-1.351,-0.455],[0.065,-1.237],[0.049,-1.383],[0,0],[-0.098,0.293],[-0.31,1.351],[-1.628,0.228],[-1.384,0.749],[-0.993,1.189],[-0.57,1.546],[0,1.628],[0.553,1.254],[0.944,0.993],[1.221,0.765],[0,4.688],[0.081,3.467],[0,0],[-1.595,0],[-1.514,-0.325],[-1.172,-0.667],[-0.716,-1.009],[0,-0.911],[0.276,-0.716],[0.391,-0.52],[0.423,-0.358],[0,0],[-0.066,0.033],[-0.505,0.326],[-0.619,0.668],[-0.488,1.009],[0,1.791],[0.813,1.286],[1.367,0.83],[1.79,0.391],[0,0],[0.065,1.498],[0.081,1.107],[0.081,0.813],[0.049,0.553],[0,0],[-0.195,-3.451],[2.018,-0.227],[1.741,-0.764],[1.286,-1.204],[0.732,-1.595],[0,-1.985]],"v":[[33.643,-24.341],[30.347,-28.003],[25.806,-30.786],[20.801,-33.203],[20.85,-38.525],[20.972,-43.335],[21.167,-47.925],[21.387,-52.588],[25.464,-51.904],[28.32,-50.317],[29.98,-48.047],[30.518,-45.41],[30.225,-42.847],[29.517,-40.454],[28.735,-38.525],[28.223,-37.402],[29.59,-36.279],[30.103,-37.231],[31.079,-39.38],[32.007,-42.285],[32.422,-45.508],[31.689,-49.097],[29.565,-51.929],[26.147,-53.809],[21.484,-54.59],[21.655,-58.521],[21.924,-62.988],[20.41,-62.988],[19.8,-60.522],[18.896,-54.395],[14.38,-52.93],[10.815,-50.024],[8.472,-45.923],[7.617,-40.918],[8.447,-36.597],[10.693,-33.228],[13.94,-30.591],[17.822,-28.418],[17.944,-16.187],[18.213,-7.324],[17.676,-7.324],[13.013,-7.813],[8.984,-9.302],[6.152,-11.816],[5.078,-15.381],[5.493,-17.822],[6.494,-19.678],[7.715,-20.996],[8.789,-21.777],[7.91,-23.486],[7.056,-22.949],[5.371,-21.46],[3.711,-18.945],[2.979,-15.381],[4.199,-10.767],[7.471,-7.593],[12.207,-5.762],[17.822,-5.176],[18.408,-5.176],[18.628,-1.27],[18.872,1.611],[19.067,3.662],[19.189,4.98],[20.898,4.98],[20.605,-5.322],[26.245,-6.812],[30.786,-9.766],[33.813,-13.965],[34.912,-19.287]],"c":true},"ix":2},"nm":"$","mn":"ADBE Vector Shape - Group","hd":false},{"ind":1,"ty":"sh","ix":2,"ks":{"a":0,"k":{"i":[[-1.254,-0.651],[-0.961,-0.781],[-0.57,-0.944],[0,-1.27],[0.488,-1.041],[0.911,-0.83],[1.302,-0.553],[1.66,-0.227],[-0.033,3.223],[-0.066,3.223]],"o":[[1.253,0.652],[0.96,0.781],[0.569,0.945],[0,1.172],[-0.488,1.042],[-0.912,0.83],[-1.302,0.554],[0,-3.255],[0.032,-3.223],[1.367,0.652]],"v":[[24.731,-24.951],[28.052,-22.803],[30.347,-20.215],[31.201,-16.895],[30.469,-13.574],[28.369,-10.767],[25.049,-8.691],[20.605,-7.52],[20.654,-17.236],[20.801,-26.904]],"c":true},"ix":2},"nm":"$","mn":"ADBE Vector Shape - Group","hd":false},{"ind":2,"ty":"sh","ix":3,"ks":{"a":0,"k":{"i":[[0.862,0.603],[0.635,0.716],[0.358,0.879],[0,1.107],[-0.244,0.896],[-0.603,0.847],[-1.009,0.684],[-1.563,0.228],[0.163,-2.913],[0.065,-3.809]],"o":[[-0.863,-0.602],[-0.635,-0.716],[-0.359,-0.879],[0,-0.651],[0.244,-0.895],[0.602,-0.846],[1.009,-0.684],[-0.195,2.148],[-0.163,2.914],[-0.977,-0.553]],"v":[[15.063,-36.45],[12.817,-38.428],[11.328,-40.82],[10.791,-43.799],[11.157,-46.118],[12.427,-48.73],[14.844,-51.025],[18.701,-52.393],[18.164,-44.8],[17.822,-34.717]],"c":true},"ix":2},"nm":"$","mn":"ADBE Vector Shape - Group","hd":false}],"nm":"$","np":6,"cix":2,"bm":0,"ix":1,"mn":"ADBE Vector Group","hd":false}]},"fFamily":"Clicker Script"}]}